Id,ActivityHour,Calories
6,01/01/2023 12:00:00 AM,92
6,01/01/2023 01:00:00 AM,78
6,01/01/2023 02:00:00 AM,83
6,01/01/2023 03:00:00 AM,127
6,01/01/2023 04:00:00 AM,143
6,01/01/2023 05:00:00 AM,56
6,01/01/2023 06:00:00 AM,116
6,01/01/2023 07:00:00 AM,100
6,01/01/2023 08:00:00 AM,109
6,01/01/2023 09:00:00 AM,148
6,01/01/2023 10:00:00 AM,117
6,01/01/2023 11:00:00 AM,56
6,01/01/2023 12:00:00 PM,103
6,01/01/2023 01:00:00 PM,126
6,01/01/2023 02:00:00 PM,86
6,01/01/2023 03:00:00 PM,141
6,01/01/2023 04:00:00 PM,145
6,01/01/2023 05:00:00 PM,129
6,01/01/2023 06:00:00 PM,54
6,01/01/2023 07:00:00 PM,68
6,01/01/2023 08:00:00 PM,143
6,01/01/2023 09:00:00 PM,72
6,01/01/2023 10:00:00 PM,134
6,01/01/2023 11:00:00 PM,81
1,01/02/2023 12:00:00 AM,104
1,01/02/2023 01:00:00 AM,83
1,01/02/2023 02:00:00 AM,141
1,01/02/2023 03:00:00 AM,142
1,01/02/2023 04:00:00 AM,90
1,01/02/2023 05:00:00 AM,143
1,01/02/2023 06:00:00 AM,95
1,01/02/2023 07:00:00 AM,67
1,01/02/2023 08:00:00 AM,69
1,01/02/2023 09:00:00 AM,94
1,01/02/2023 10:00:00 AM,114
1,01/02/2023 11:00:00 AM,52
1,01/02/2023 12:00:00 PM,120
1,01/02/2023 01:00:00 PM,56
1,01/02/2023 02:00:00 PM,79
1,01/02/2023 03:00:00 PM,52
1,01/02/2023 04:00:00 PM,86
1,01/02/2023 05:00:00 PM,99
1,01/02/2023 06:00:00 PM,77
1,01/02/2023 07:00:00 PM,84
1,01/02/2023 08:00:00 PM,129
1,01/02/2023 09:00:00 PM,134
1,01/02/2023 10:00:00 PM,127
1,01/02/2023 11:00:00 PM,141
9,01/03/2023 12:00:00 AM,149
9,01/03/2023 01:00:00 AM,60
9,01/03/2023 02:00:00 AM,69
9,01/03/2023 03:00:00 AM,133
9,01/03/2023 04:00:00 AM,122
9,01/03/2023 05:00:00 AM,105
9,01/03/2023 06:00:00 AM,98
9,01/03/2023 07:00:00 AM,148
9,01/03/2023 08:00:00 AM,95
9,01/03/2023 09:00:00 AM,66
9,01/03/2023 10:00:00 AM,56
9,01/03/2023 11:00:00 AM,143
9,01/03/2023 12:00:00 PM,77
9,01/03/2023 01:00:00 PM,116
9,01/03/2023 02:00:00 PM,85
9,01/03/2023 03:00:00 PM,61
9,01/03/2023 04:00:00 PM,123
9,01/03/2023 05:00:00 PM,65
9,01/03/2023 06:00:00 PM,94
9,01/03/2023 07:00:00 PM,134
9,01/03/2023 08:00:00 PM,51
9,01/03/2023 09:00:00 PM,149
9,01/03/2023 10:00:00 PM,110
9,01/03/2023 11:00:00 PM,100
8,01/04/2023 12:00:00 AM,131
8,01/04/2023 01:00:00 AM,90
8,01/04/2023 02:00:00 AM,111
8,01/04/2023 03:00:00 AM,97
8,01/04/2023 04:00:00 AM,53
8,01/04/2023 05:00:00 AM,120
8,01/04/2023 06:00:00 AM,89
8,01/04/2023 07:00:00 AM,120
8,01/04/2023 08:00:00 AM,97
8,01/04/2023 09:00:00 AM,134
8,01/04/2023 10:00:00 AM,137
8,01/04/2023 11:00:00 AM,99
8,01/04/2023 12:00:00 PM,118
8,01/04/2023 01:00:00 PM,111
8,01/04/2023 02:00:00 PM,126
8,01/04/2023 03:00:00 PM,103
8,01/04/2023 04:00:00 PM,58
8,01/04/2023 05:00:00 PM,92
8,01/04/2023 06:00:00 PM,116
8,01/04/2023 07:00:00 PM,56
8,01/04/2023 08:00:00 PM,128
8,01/04/2023 09:00:00 PM,89
8,01/04/2023 10:00:00 PM,88
8,01/04/2023 11:00:00 PM,146
6,01/05/2023 12:00:00 AM,77
6,01/05/2023 01:00:00 AM,131
6,01/05/2023 02:00:00 AM,99
6,01/05/2023 03:00:00 AM,84
6,01/05/2023 04:00:00 AM,102
6,01/05/2023 05:00:00 AM,81
6,01/05/2023 06:00:00 AM,137
6,01/05/2023 07:00:00 AM,93
6,01/05/2023 08:00:00 AM,103
6,01/05/2023 09:00:00 AM,121
6,01/05/2023 10:00:00 AM,68
6,01/05/2023 11:00:00 AM,67
6,01/05/2023 12:00:00 PM,81
6,01/05/2023 01:00:00 PM,117
6,01/05/2023 02:00:00 PM,91
6,01/05/2023 03:00:00 PM,79
6,01/05/2023 04:00:00 PM,146
6,01/05/2023 05:00:00 PM,60
6,01/05/2023 06:00:00 PM,68
6,01/05/2023 07:00:00 PM,132
6,01/05/2023 08:00:00 PM,53
6,01/05/2023 09:00:00 PM,66
6,01/05/2023 10:00:00 PM,128
6,01/05/2023 11:00:00 PM,84
9,01/06/2023 12:00:00 AM,144
9,01/06/2023 01:00:00 AM,115
9,01/06/2023 02:00:00 AM,111
9,01/06/2023 03:00:00 AM,148
9,01/06/2023 04:00:00 AM,88
9,01/06/2023 05:00:00 AM,143
9,01/06/2023 06:00:00 AM,55
9,01/06/2023 07:00:00 AM,125
9,01/06/2023 08:00:00 AM,54
9,01/06/2023 09:00:00 AM,74
9,01/06/2023 10:00:00 AM,138
9,01/06/2023 11:00:00 AM,61
9,01/06/2023 12:00:00 PM,65
9,01/06/2023 01:00:00 PM,113
9,01/06/2023 02:00:00 PM,63
9,01/06/2023 03:00:00 PM,82
9,01/06/2023 04:00:00 PM,77
9,01/06/2023 05:00:00 PM,63
9,01/06/2023 06:00:00 PM,96
9,01/06/2023 07:00:00 PM,75
9,01/06/2023 08:00:00 PM,70
9,01/06/2023 09:00:00 PM,83
9,01/06/2023 10:00:00 PM,88
9,01/06/2023 11:00:00 PM,104
7,01/07/2023 12:00:00 AM,74
7,01/07/2023 01:00:00 AM,140
7,01/07/2023 02:00:00 AM,123
7,01/07/2023 03:00:00 AM,116
7,01/07/2023 04:00:00 AM,142
7,01/07/2023 05:00:00 AM,78
7,01/07/2023 06:00:00 AM,63
7,01/07/2023 07:00:00 AM,147
7,01/07/2023 08:00:00 AM,56
7,01/07/2023 09:00:00 AM,50
7,01/07/2023 10:00:00 AM,146
7,01/07/2023 11:00:00 AM,77
7,01/07/2023 12:00:00 PM,65
7,01/07/2023 01:00:00 PM,64
7,01/07/2023 02:00:00 PM,99
7,01/07/2023 03:00:00 PM,91
7,01/07/2023 04:00:00 PM,114
7,01/07/2023 05:00:00 PM,124
7,01/07/2023 06:00:00 PM,84
7,01/07/2023 07:00:00 PM,73
7,01/07/2023 08:00:00 PM,128
7,01/07/2023 09:00:00 PM,117
7,01/07/2023 10:00:00 PM,95
7,01/07/2023 11:00:00 PM,145
8,01/08/2023 12:00:00 AM,101
8,01/08/2023 01:00:00 AM,75
8,01/08/2023 02:00:00 AM,68
8,01/08/2023 03:00:00 AM,79
8,01/08/2023 04:00:00 AM,69
8,01/08/2023 05:00:00 AM,55
8,01/08/2023 06:00:00 AM,85
8,01/08/2023 07:00:00 AM,132
8,01/08/2023 08:00:00 AM,53
8,01/08/2023 09:00:00 AM,78
8,01/08/2023 10:00:00 AM,136
8,01/08/2023 11:00:00 AM,123
8,01/08/2023 12:00:00 PM,84
8,01/08/2023 01:00:00 PM,140
8,01/08/2023 02:00:00 PM,55
8,01/08/2023 03:00:00 PM,54
8,01/08/2023 04:00:00 PM,50
8,01/08/2023 05:00:00 PM,71
8,01/08/2023 06:00:00 PM,141
8,01/08/2023 07:00:00 PM,130
8,01/08/2023 08:00:00 PM,80
8,01/08/2023 09:00:00 PM,86
8,01/08/2023 10:00:00 PM,136
8,01/08/2023 11:00:00 PM,119
6,01/09/2023 12:00:00 AM,129
6,01/09/2023 01:00:00 AM,110
6,01/09/2023 02:00:00 AM,79
6,01/09/2023 03:00:00 AM,65
6,01/09/2023 04:00:00 AM,118
6,01/09/2023 05:00:00 AM,81
6,01/09/2023 06:00:00 AM,51
6,01/09/2023 07:00:00 AM,69
6,01/09/2023 08:00:00 AM,68
6,01/09/2023 09:00:00 AM,98
6,01/09/2023 10:00:00 AM,78
6,01/09/2023 11:00:00 AM,56
6,01/09/2023 12:00:00 PM,95
6,01/09/2023 01:00:00 PM,125
6,01/09/2023 02:00:00 PM,86
6,01/09/2023 03:00:00 PM,69
6,01/09/2023 04:00:00 PM,99
6,01/09/2023 05:00:00 PM,58
6,01/09/2023 06:00:00 PM,103
6,01/09/2023 07:00:00 PM,72
6,01/09/2023 08:00:00 PM,73
6,01/09/2023 09:00:00 PM,56
6,01/09/2023 10:00:00 PM,86
6,01/09/2023 11:00:00 PM,147
10,01/10/2023 12:00:00 AM,61
10,01/10/2023 01:00:00 AM,148
10,01/10/2023 02:00:00 AM,68
10,01/10/2023 03:00:00 AM,136
10,01/10/2023 04:00:00 AM,63
10,01/10/2023 05:00:00 AM,107
10,01/10/2023 06:00:00 AM,112
10,01/10/2023 07:00:00 AM,112
10,01/10/2023 08:00:00 AM,115
10,01/10/2023 09:00:00 AM,149
10,01/10/2023 10:00:00 AM,142
10,01/10/2023 11:00:00 AM,50
10,01/10/2023 12:00:00 PM,133
10,01/10/2023 01:00:00 PM,96
10,01/10/2023 02:00:00 PM,118
10,01/10/2023 03:00:00 PM,134
10,01/10/2023 04:00:00 PM,102
10,01/10/2023 05:00:00 PM,55
10,01/10/2023 06:00:00 PM,92
10,01/10/2023 07:00:00 PM,127
10,01/10/2023 08:00:00 PM,129
10,01/10/2023 09:00:00 PM,124
10,01/10/2023 10:00:00 PM,146
10,01/10/2023 11:00:00 PM,119
1,01/11/2023 12:00:00 AM,149
1,01/11/2023 01:00:00 AM,76
1,01/11/2023 02:00:00 AM,78
1,01/11/2023 03:00:00 AM,135
1,01/11/2023 04:00:00 AM,132
1,01/11/2023 05:00:00 AM,71
1,01/11/2023 06:00:00 AM,71
1,01/11/2023 07:00:00 AM,93
1,01/11/2023 08:00:00 AM,100
1,01/11/2023 09:00:00 AM,85
1,01/11/2023 10:00:00 AM,108
1,01/11/2023 11:00:00 AM,114
1,01/11/2023 12:00:00 PM,120
1,01/11/2023 01:00:00 PM,146
1,01/11/2023 02:00:00 PM,112
1,01/11/2023 03:00:00 PM,90
1,01/11/2023 04:00:00 PM,83
1,01/11/2023 05:00:00 PM,93
1,01/11/2023 06:00:00 PM,76
1,01/11/2023 07:00:00 PM,124
1,01/11/2023 08:00:00 PM,101
1,01/11/2023 09:00:00 PM,73
1,01/11/2023 10:00:00 PM,56
1,01/11/2023 11:00:00 PM,92
3,01/12/2023 12:00:00 AM,97
3,01/12/2023 01:00:00 AM,126
3,01/12/2023 02:00:00 AM,91
3,01/12/2023 03:00:00 AM,54
3,01/12/2023 04:00:00 AM,59
3,01/12/2023 05:00:00 AM,109
3,01/12/2023 06:00:00 AM,135
3,01/12/2023 07:00:00 AM,97
3,01/12/2023 08:00:00 AM,105
3,01/12/2023 09:00:00 AM,64
3,01/12/2023 10:00:00 AM,56
3,01/12/2023 11:00:00 AM,86
3,01/12/2023 12:00:00 PM,140
3,01/12/2023 01:00:00 PM,62
3,01/12/2023 02:00:00 PM,99
3,01/12/2023 03:00:00 PM,96
3,01/12/2023 04:00:00 PM,141
3,01/12/2023 05:00:00 PM,142
3,01/12/2023 06:00:00 PM,80
3,01/12/2023 07:00:00 PM,121
3,01/12/2023 08:00:00 PM,69
3,01/12/2023 09:00:00 PM,83
3,01/12/2023 10:00:00 PM,96
3,01/12/2023 11:00:00 PM,60
2,01/13/2023 12:00:00 AM,54
2,01/13/2023 01:00:00 AM,90
2,01/13/2023 02:00:00 AM,77
2,01/13/2023 03:00:00 AM,143
2,01/13/2023 04:00:00 AM,136
2,01/13/2023 05:00:00 AM,53
2,01/13/2023 06:00:00 AM,145
2,01/13/2023 07:00:00 AM,95
2,01/13/2023 08:00:00 AM,59
2,01/13/2023 09:00:00 AM,142
2,01/13/2023 10:00:00 AM,82
2,01/13/2023 11:00:00 AM,103
2,01/13/2023 12:00:00 PM,137
2,01/13/2023 01:00:00 PM,134
2,01/13/2023 02:00:00 PM,96
2,01/13/2023 03:00:00 PM,138
2,01/13/2023 04:00:00 PM,94
2,01/13/2023 05:00:00 PM,114
2,01/13/2023 06:00:00 PM,105
2,01/13/2023 07:00:00 PM,100
2,01/13/2023 08:00:00 PM,119
2,01/13/2023 09:00:00 PM,138
2,01/13/2023 10:00:00 PM,74
2,01/13/2023 11:00:00 PM,88
9,01/14/2023 12:00:00 AM,117
9,01/14/2023 01:00:00 AM,99
9,01/14/2023 02:00:00 AM,112
9,01/14/2023 03:00:00 AM,57
9,01/14/2023 04:00:00 AM,99
9,01/14/2023 05:00:00 AM,149
9,01/14/2023 06:00:00 AM,108
9,01/14/2023 07:00:00 AM,50
9,01/14/2023 08:00:00 AM,147
9,01/14/2023 09:00:00 AM,122
9,01/14/2023 10:00:00 AM,50
9,01/14/2023 11:00:00 AM,126
9,01/14/2023 12:00:00 PM,71
9,01/14/2023 01:00:00 PM,132
9,01/14/2023 02:00:00 PM,123
9,01/14/2023 03:00:00 PM,75
9,01/14/2023 04:00:00 PM,92
9,01/14/2023 05:00:00 PM,88
9,01/14/2023 06:00:00 PM,57
9,01/14/2023 07:00:00 PM,145
9,01/14/2023 08:00:00 PM,93
9,01/14/2023 09:00:00 PM,84
9,01/14/2023 10:00:00 PM,63
9,01/14/2023 11:00:00 PM,89
10,01/15/2023 12:00:00 AM,90
10,01/15/2023 01:00:00 AM,80
10,01/15/2023 02:00:00 AM,116
10,01/15/2023 03:00:00 AM,65
10,01/15/2023 04:00:00 AM,51
10,01/15/2023 05:00:00 AM,132
10,01/15/2023 06:00:00 AM,94
10,01/15/2023 07:00:00 AM,92
10,01/15/2023 08:00:00 AM,115
10,01/15/2023 09:00:00 AM,119
10,01/15/2023 10:00:00 AM,93
10,01/15/2023 11:00:00 AM,93
10,01/15/2023 12:00:00 PM,126
10,01/15/2023 01:00:00 PM,144
10,01/15/2023 02:00:00 PM,121
10,01/15/2023 03:00:00 PM,94
10,01/15/2023 04:00:00 PM,88
10,01/15/2023 05:00:00 PM,73
10,01/15/2023 06:00:00 PM,119
10,01/15/2023 07:00:00 PM,147
10,01/15/2023 08:00:00 PM,101
10,01/15/2023 09:00:00 PM,92
10,01/15/2023 10:00:00 PM,61
10,01/15/2023 11:00:00 PM,75
7,01/16/2023 12:00:00 AM,99
7,01/16/2023 01:00:00 AM,140
7,01/16/2023 02:00:00 AM,65
7,01/16/2023 03:00:00 AM,68
7,01/16/2023 04:00:00 AM,126
7,01/16/2023 05:00:00 AM,112
7,01/16/2023 06:00:00 AM,144
7,01/16/2023 07:00:00 AM,59
7,01/16/2023 08:00:00 AM,77
7,01/16/2023 09:00:00 AM,63
7,01/16/2023 10:00:00 AM,51
7,01/16/2023 11:00:00 AM,117
7,01/16/2023 12:00:00 PM,133
7,01/16/2023 01:00:00 PM,114
7,01/16/2023 02:00:00 PM,135
7,01/16/2023 03:00:00 PM,95
7,01/16/2023 04:00:00 PM,67
7,01/16/2023 05:00:00 PM,59
7,01/16/2023 06:00:00 PM,79
7,01/16/2023 07:00:00 PM,122
7,01/16/2023 08:00:00 PM,146
7,01/16/2023 09:00:00 PM,119
7,01/16/2023 10:00:00 PM,90
7,01/16/2023 11:00:00 PM,130
5,01/17/2023 12:00:00 AM,100
5,01/17/2023 01:00:00 AM,146
5,01/17/2023 02:00:00 AM,137
5,01/17/2023 03:00:00 AM,125
5,01/17/2023 04:00:00 AM,85
5,01/17/2023 05:00:00 AM,140
5,01/17/2023 06:00:00 AM,124
5,01/17/2023 07:00:00 AM,102
5,01/17/2023 08:00:00 AM,54
5,01/17/2023 09:00:00 AM,141
5,01/17/2023 10:00:00 AM,98
5,01/17/2023 11:00:00 AM,129
5,01/17/2023 12:00:00 PM,109
5,01/17/2023 01:00:00 PM,102
5,01/17/2023 02:00:00 PM,128
5,01/17/2023 03:00:00 PM,126
5,01/17/2023 04:00:00 PM,96
5,01/17/2023 05:00:00 PM,102
5,01/17/2023 06:00:00 PM,134
5,01/17/2023 07:00:00 PM,65
5,01/17/2023 08:00:00 PM,92
5,01/17/2023 09:00:00 PM,147
5,01/17/2023 10:00:00 PM,122
5,01/17/2023 11:00:00 PM,95
3,01/18/2023 12:00:00 AM,52
3,01/18/2023 01:00:00 AM,114
3,01/18/2023 02:00:00 AM,71
3,01/18/2023 03:00:00 AM,64
3,01/18/2023 04:00:00 AM,127
3,01/18/2023 05:00:00 AM,70
3,01/18/2023 06:00:00 AM,58
3,01/18/2023 07:00:00 AM,105
3,01/18/2023 08:00:00 AM,77
3,01/18/2023 09:00:00 AM,100
3,01/18/2023 10:00:00 AM,88
3,01/18/2023 11:00:00 AM,59
3,01/18/2023 12:00:00 PM,112
3,01/18/2023 01:00:00 PM,57
3,01/18/2023 02:00:00 PM,120
3,01/18/2023 03:00:00 PM,84
3,01/18/2023 04:00:00 PM,76
3,01/18/2023 05:00:00 PM,110
3,01/18/2023 06:00:00 PM,124
3,01/18/2023 07:00:00 PM,115
3,01/18/2023 08:00:00 PM,128
3,01/18/2023 09:00:00 PM,104
3,01/18/2023 10:00:00 PM,114
3,01/18/2023 11:00:00 PM,124
3,01/19/2023 12:00:00 AM,52
3,01/19/2023 01:00:00 AM,81
3,01/19/2023 02:00:00 AM,82
3,01/19/2023 03:00:00 AM,84
3,01/19/2023 04:00:00 AM,51
3,01/19/2023 05:00:00 AM,102
3,01/19/2023 06:00:00 AM,143
3,01/19/2023 07:00:00 AM,136
3,01/19/2023 08:00:00 AM,97
3,01/19/2023 09:00:00 AM,89
3,01/19/2023 10:00:00 AM,77
3,01/19/2023 11:00:00 AM,113
3,01/19/2023 12:00:00 PM,74
3,01/19/2023 01:00:00 PM,119
3,01/19/2023 02:00:00 PM,136
3,01/19/2023 03:00:00 PM,104
3,01/19/2023 04:00:00 PM,120
3,01/19/2023 05:00:00 PM,66
3,01/19/2023 06:00:00 PM,65
3,01/19/2023 07:00:00 PM,140
3,01/19/2023 08:00:00 PM,97
3,01/19/2023 09:00:00 PM,77
3,01/19/2023 10:00:00 PM,145
3,01/19/2023 11:00:00 PM,138
4,01/20/2023 12:00:00 AM,131
4,01/20/2023 01:00:00 AM,131
4,01/20/2023 02:00:00 AM,121
4,01/20/2023 03:00:00 AM,72
4,01/20/2023 04:00:00 AM,115
4,01/20/2023 05:00:00 AM,133
4,01/20/2023 06:00:00 AM,120
4,01/20/2023 07:00:00 AM,58
4,01/20/2023 08:00:00 AM,124
4,01/20/2023 09:00:00 AM,140
4,01/20/2023 10:00:00 AM,145
4,01/20/2023 11:00:00 AM,107
4,01/20/2023 12:00:00 PM,80
4,01/20/2023 01:00:00 PM,54
4,01/20/2023 02:00:00 PM,138
4,01/20/2023 03:00:00 PM,60
4,01/20/2023 04:00:00 PM,104
4,01/20/2023 05:00:00 PM,81
4,01/20/2023 06:00:00 PM,124
4,01/20/2023 07:00:00 PM,127
4,01/20/2023 08:00:00 PM,50
4,01/20/2023 09:00:00 PM,135
4,01/20/2023 10:00:00 PM,102
4,01/20/2023 11:00:00 PM,138
1,01/21/2023 12:00:00 AM,115
1,01/21/2023 01:00:00 AM,70
1,01/21/2023 02:00:00 AM,57
1,01/21/2023 03:00:00 AM,69
1,01/21/2023 04:00:00 AM,124
1,01/21/2023 05:00:00 AM,95
1,01/21/2023 06:00:00 AM,120
1,01/21/2023 07:00:00 AM,140
1,01/21/2023 08:00:00 AM,75
1,01/21/2023 09:00:00 AM,55
1,01/21/2023 10:00:00 AM,79
1,01/21/2023 11:00:00 AM,115
1,01/21/2023 12:00:00 PM,88
1,01/21/2023 01:00:00 PM,93
1,01/21/2023 02:00:00 PM,134
1,01/21/2023 03:00:00 PM,53
1,01/21/2023 04:00:00 PM,52
1,01/21/2023 05:00:00 PM,134
1,01/21/2023 06:00:00 PM,89
1,01/21/2023 07:00:00 PM,103
1,01/21/2023 08:00:00 PM,104
1,01/21/2023 09:00:00 PM,113
1,01/21/2023 10:00:00 PM,119
1,01/21/2023 11:00:00 PM,113
5,01/22/2023 12:00:00 AM,58
5,01/22/2023 01:00:00 AM,61
5,01/22/2023 02:00:00 AM,121
5,01/22/2023 03:00:00 AM,92
5,01/22/2023 04:00:00 AM,64
5,01/22/2023 05:00:00 AM,82
5,01/22/2023 06:00:00 AM,90
5,01/22/2023 07:00:00 AM,93
5,01/22/2023 08:00:00 AM,107
5,01/22/2023 09:00:00 AM,146
5,01/22/2023 10:00:00 AM,54
5,01/22/2023 11:00:00 AM,50
5,01/22/2023 12:00:00 PM,97
5,01/22/2023 01:00:00 PM,64
5,01/22/2023 02:00:00 PM,52
5,01/22/2023 03:00:00 PM,71
5,01/22/2023 04:00:00 PM,128
5,01/22/2023 05:00:00 PM,141
5,01/22/2023 06:00:00 PM,83
5,01/22/2023 07:00:00 PM,86
5,01/22/2023 08:00:00 PM,107
5,01/22/2023 09:00:00 PM,145
5,01/22/2023 10:00:00 PM,89
5,01/22/2023 11:00:00 PM,136
5,01/23/2023 12:00:00 AM,61
5,01/23/2023 01:00:00 AM,134
5,01/23/2023 02:00:00 AM,102
5,01/23/2023 03:00:00 AM,99
5,01/23/2023 04:00:00 AM,103
5,01/23/2023 05:00:00 AM,99
5,01/23/2023 06:00:00 AM,115
5,01/23/2023 07:00:00 AM,77
5,01/23/2023 08:00:00 AM,117
5,01/23/2023 09:00:00 AM,57
5,01/23/2023 10:00:00 AM,112
5,01/23/2023 11:00:00 AM,108
5,01/23/2023 12:00:00 PM,88
5,01/23/2023 01:00:00 PM,136
5,01/23/2023 02:00:00 PM,103
5,01/23/2023 03:00:00 PM,146
5,01/23/2023 04:00:00 PM,139
5,01/23/2023 05:00:00 PM,65
5,01/23/2023 06:00:00 PM,80
5,01/23/2023 07:00:00 PM,77
5,01/23/2023 08:00:00 PM,59
5,01/23/2023 09:00:00 PM,72
5,01/23/2023 10:00:00 PM,105
5,01/23/2023 11:00:00 PM,124
10,01/24/2023 12:00:00 AM,140
10,01/24/2023 01:00:00 AM,112
10,01/24/2023 02:00:00 AM,143
10,01/24/2023 03:00:00 AM,125
10,01/24/2023 04:00:00 AM,60
10,01/24/2023 05:00:00 AM,106
10,01/24/2023 06:00:00 AM,54
10,01/24/2023 07:00:00 AM,103
10,01/24/2023 08:00:00 AM,102
10,01/24/2023 09:00:00 AM,100
10,01/24/2023 10:00:00 AM,54
10,01/24/2023 11:00:00 AM,90
10,01/24/2023 12:00:00 PM,123
10,01/24/2023 01:00:00 PM,94
10,01/24/2023 02:00:00 PM,128
10,01/24/2023 03:00:00 PM,124
10,01/24/2023 04:00:00 PM,53
10,01/24/2023 05:00:00 PM,64
10,01/24/2023 06:00:00 PM,71
10,01/24/2023 07:00:00 PM,146
10,01/24/2023 08:00:00 PM,60
10,01/24/2023 09:00:00 PM,86
10,01/24/2023 10:00:00 PM,105
10,01/24/2023 11:00:00 PM,148
5,01/25/2023 12:00:00 AM,60
5,01/25/2023 01:00:00 AM,74
5,01/25/2023 02:00:00 AM,117
5,01/25/2023 03:00:00 AM,54
5,01/25/2023 04:00:00 AM,141
5,01/25/2023 05:00:00 AM,87
5,01/25/2023 06:00:00 AM,73
5,01/25/2023 07:00:00 AM,75
5,01/25/2023 08:00:00 AM,81
5,01/25/2023 09:00:00 AM,136
5,01/25/2023 10:00:00 AM,77
5,01/25/2023 11:00:00 AM,92
5,01/25/2023 12:00:00 PM,63
5,01/25/2023 01:00:00 PM,130
5,01/25/2023 02:00:00 PM,74
5,01/25/2023 03:00:00 PM,108
5,01/25/2023 04:00:00 PM,94
5,01/25/2023 05:00:00 PM,144
5,01/25/2023 06:00:00 PM,96
5,01/25/2023 07:00:00 PM,126
5,01/25/2023 08:00:00 PM,70
5,01/25/2023 09:00:00 PM,67
5,01/25/2023 10:00:00 PM,122
5,01/25/2023 11:00:00 PM,120
4,01/26/2023 12:00:00 AM,62
4,01/26/2023 01:00:00 AM,107
4,01/26/2023 02:00:00 AM,136
4,01/26/2023 03:00:00 AM,60
4,01/26/2023 04:00:00 AM,61
4,01/26/2023 05:00:00 AM,125
4,01/26/2023 06:00:00 AM,56
4,01/26/2023 07:00:00 AM,55
4,01/26/2023 08:00:00 AM,69
4,01/26/2023 09:00:00 AM,124
4,01/26/2023 10:00:00 AM,102
4,01/26/2023 11:00:00 AM,83
4,01/26/2023 12:00:00 PM,70
4,01/26/2023 01:00:00 PM,95
4,01/26/2023 02:00:00 PM,74
4,01/26/2023 03:00:00 PM,55
4,01/26/2023 04:00:00 PM,115
4,01/26/2023 05:00:00 PM,102
4,01/26/2023 06:00:00 PM,88
4,01/26/2023 07:00:00 PM,106
4,01/26/2023 08:00:00 PM,87
4,01/26/2023 09:00:00 PM,54
4,01/26/2023 10:00:00 PM,144
4,01/26/2023 11:00:00 PM,125
5,01/27/2023 12:00:00 AM,121
5,01/27/2023 01:00:00 AM,89
5,01/27/2023 02:00:00 AM,141
5,01/27/2023 03:00:00 AM,127
5,01/27/2023 04:00:00 AM,130
5,01/27/2023 05:00:00 AM,116
5,01/27/2023 06:00:00 AM,116
5,01/27/2023 07:00:00 AM,83
5,01/27/2023 08:00:00 AM,65
5,01/27/2023 09:00:00 AM,51
5,01/27/2023 10:00:00 AM,128
5,01/27/2023 11:00:00 AM,76
5,01/27/2023 12:00:00 PM,118
5,01/27/2023 01:00:00 PM,118
5,01/27/2023 02:00:00 PM,147
5,01/27/2023 03:00:00 PM,79
5,01/27/2023 04:00:00 PM,55
5,01/27/2023 05:00:00 PM,75
5,01/27/2023 06:00:00 PM,128
5,01/27/2023 07:00:00 PM,64
5,01/27/2023 08:00:00 PM,132
5,01/27/2023 09:00:00 PM,50
5,01/27/2023 10:00:00 PM,110
5,01/27/2023 11:00:00 PM,51
8,01/28/2023 12:00:00 AM,85
8,01/28/2023 01:00:00 AM,113
8,01/28/2023 02:00:00 AM,137
8,01/28/2023 03:00:00 AM,114
8,01/28/2023 04:00:00 AM,72
8,01/28/2023 05:00:00 AM,132
8,01/28/2023 06:00:00 AM,115
8,01/28/2023 07:00:00 AM,73
8,01/28/2023 08:00:00 AM,121
8,01/28/2023 09:00:00 AM,86
8,01/28/2023 10:00:00 AM,139
8,01/28/2023 11:00:00 AM,120
8,01/28/2023 12:00:00 PM,53
8,01/28/2023 01:00:00 PM,90
8,01/28/2023 02:00:00 PM,132
8,01/28/2023 03:00:00 PM,97
8,01/28/2023 04:00:00 PM,115
8,01/28/2023 05:00:00 PM,135
8,01/28/2023 06:00:00 PM,109
8,01/28/2023 07:00:00 PM,67
8,01/28/2023 08:00:00 PM,129
8,01/28/2023 09:00:00 PM,141
8,01/28/2023 10:00:00 PM,126
8,01/28/2023 11:00:00 PM,126
8,01/29/2023 12:00:00 AM,69
8,01/29/2023 01:00:00 AM,94
8,01/29/2023 02:00:00 AM,81
8,01/29/2023 03:00:00 AM,91
8,01/29/2023 04:00:00 AM,136
8,01/29/2023 05:00:00 AM,71
8,01/29/2023 06:00:00 AM,138
8,01/29/2023 07:00:00 AM,120
8,01/29/2023 08:00:00 AM,147
8,01/29/2023 09:00:00 AM,88
8,01/29/2023 10:00:00 AM,88
8,01/29/2023 11:00:00 AM,59
8,01/29/2023 12:00:00 PM,75
8,01/29/2023 01:00:00 PM,122
8,01/29/2023 02:00:00 PM,119
8,01/29/2023 03:00:00 PM,141
8,01/29/2023 04:00:00 PM,143
8,01/29/2023 05:00:00 PM,88
8,01/29/2023 06:00:00 PM,64
8,01/29/2023 07:00:00 PM,51
8,01/29/2023 08:00:00 PM,85
8,01/29/2023 09:00:00 PM,124
8,01/29/2023 10:00:00 PM,90
8,01/29/2023 11:00:00 PM,54
2,01/30/2023 12:00:00 AM,60
2,01/30/2023 01:00:00 AM,67
2,01/30/2023 02:00:00 AM,53
2,01/30/2023 03:00:00 AM,133
2,01/30/2023 04:00:00 AM,94
2,01/30/2023 05:00:00 AM,107
2,01/30/2023 06:00:00 AM,59
2,01/30/2023 07:00:00 AM,140
2,01/30/2023 08:00:00 AM,103
2,01/30/2023 09:00:00 AM,141
2,01/30/2023 10:00:00 AM,144
2,01/30/2023 11:00:00 AM,105
2,01/30/2023 12:00:00 PM,142
2,01/30/2023 01:00:00 PM,85
2,01/30/2023 02:00:00 PM,98
2,01/30/2023 03:00:00 PM,109
2,01/30/2023 04:00:00 PM,72
2,01/30/2023 05:00:00 PM,68
2,01/30/2023 06:00:00 PM,105
2,01/30/2023 07:00:00 PM,102
2,01/30/2023 08:00:00 PM,83
2,01/30/2023 09:00:00 PM,147
2,01/30/2023 10:00:00 PM,120
2,01/30/2023 11:00:00 PM,83
7,01/31/2023 12:00:00 AM,62
7,01/31/2023 01:00:00 AM,107
7,01/31/2023 02:00:00 AM,102
7,01/31/2023 03:00:00 AM,127
7,01/31/2023 04:00:00 AM,53
7,01/31/2023 05:00:00 AM,127
7,01/31/2023 06:00:00 AM,129
7,01/31/2023 07:00:00 AM,54
7,01/31/2023 08:00:00 AM,96
7,01/31/2023 09:00:00 AM,114
7,01/31/2023 10:00:00 AM,149
7,01/31/2023 11:00:00 AM,104
7,01/31/2023 12:00:00 PM,129
7,01/31/2023 01:00:00 PM,100
7,01/31/2023 02:00:00 PM,93
7,01/31/2023 03:00:00 PM,142
7,01/31/2023 04:00:00 PM,109
7,01/31/2023 05:00:00 PM,133
7,01/31/2023 06:00:00 PM,96
7,01/31/2023 07:00:00 PM,97
7,01/31/2023 08:00:00 PM,56
7,01/31/2023 09:00:00 PM,66
7,01/31/2023 10:00:00 PM,135
7,01/31/2023 11:00:00 PM,84
1,02/01/2023 12:00:00 AM,102
1,02/01/2023 01:00:00 AM,128
1,02/01/2023 02:00:00 AM,144
1,02/01/2023 03:00:00 AM,131
1,02/01/2023 04:00:00 AM,94
1,02/01/2023 05:00:00 AM,75
1,02/01/2023 06:00:00 AM,140
1,02/01/2023 07:00:00 AM,108
1,02/01/2023 08:00:00 AM,119
1,02/01/2023 09:00:00 AM,140
1,02/01/2023 10:00:00 AM,96
1,02/01/2023 11:00:00 AM,124
1,02/01/2023 12:00:00 PM,84
1,02/01/2023 01:00:00 PM,93
1,02/01/2023 02:00:00 PM,118
1,02/01/2023 03:00:00 PM,88
1,02/01/2023 04:00:00 PM,98
1,02/01/2023 05:00:00 PM,92
1,02/01/2023 06:00:00 PM,123
1,02/01/2023 07:00:00 PM,72
1,02/01/2023 08:00:00 PM,126
1,02/01/2023 09:00:00 PM,70
1,02/01/2023 10:00:00 PM,109
1,02/01/2023 11:00:00 PM,59
10,02/02/2023 12:00:00 AM,115
10,02/02/2023 01:00:00 AM,144
10,02/02/2023 02:00:00 AM,83
10,02/02/2023 03:00:00 AM,89
10,02/02/2023 04:00:00 AM,66
10,02/02/2023 05:00:00 AM,113
10,02/02/2023 06:00:00 AM,113
10,02/02/2023 07:00:00 AM,85
10,02/02/2023 08:00:00 AM,142
10,02/02/2023 09:00:00 AM,90
10,02/02/2023 10:00:00 AM,88
10,02/02/2023 11:00:00 AM,113
10,02/02/2023 12:00:00 PM,147
10,02/02/2023 01:00:00 PM,98
10,02/02/2023 02:00:00 PM,57
10,02/02/2023 03:00:00 PM,148
10,02/02/2023 04:00:00 PM,51
10,02/02/2023 05:00:00 PM,64
10,02/02/2023 06:00:00 PM,108
10,02/02/2023 07:00:00 PM,139
10,02/02/2023 08:00:00 PM,53
10,02/02/2023 09:00:00 PM,141
10,02/02/2023 10:00:00 PM,108
10,02/02/2023 11:00:00 PM,67
2,02/03/2023 12:00:00 AM,141
2,02/03/2023 01:00:00 AM,69
2,02/03/2023 02:00:00 AM,65
2,02/03/2023 03:00:00 AM,53
2,02/03/2023 04:00:00 AM,107
2,02/03/2023 05:00:00 AM,98
2,02/03/2023 06:00:00 AM,72
2,02/03/2023 07:00:00 AM,68
2,02/03/2023 08:00:00 AM,69
2,02/03/2023 09:00:00 AM,65
2,02/03/2023 10:00:00 AM,67
2,02/03/2023 11:00:00 AM,60
2,02/03/2023 12:00:00 PM,146
2,02/03/2023 01:00:00 PM,79
2,02/03/2023 02:00:00 PM,127
2,02/03/2023 03:00:00 PM,115
2,02/03/2023 04:00:00 PM,69
2,02/03/2023 05:00:00 PM,120
2,02/03/2023 06:00:00 PM,148
2,02/03/2023 07:00:00 PM,130
2,02/03/2023 08:00:00 PM,54
2,02/03/2023 09:00:00 PM,119
2,02/03/2023 10:00:00 PM,57
2,02/03/2023 11:00:00 PM,139
1,02/04/2023 12:00:00 AM,126
1,02/04/2023 01:00:00 AM,146
1,02/04/2023 02:00:00 AM,109
1,02/04/2023 03:00:00 AM,123
1,02/04/2023 04:00:00 AM,66
1,02/04/2023 05:00:00 AM,91
1,02/04/2023 06:00:00 AM,54
1,02/04/2023 07:00:00 AM,136
1,02/04/2023 08:00:00 AM,142
1,02/04/2023 09:00:00 AM,69
1,02/04/2023 10:00:00 AM,55
1,02/04/2023 11:00:00 AM,90
1,02/04/2023 12:00:00 PM,106
1,02/04/2023 01:00:00 PM,106
1,02/04/2023 02:00:00 PM,114
1,02/04/2023 03:00:00 PM,141
1,02/04/2023 04:00:00 PM,72
1,02/04/2023 05:00:00 PM,71
1,02/04/2023 06:00:00 PM,83
1,02/04/2023 07:00:00 PM,111
1,02/04/2023 08:00:00 PM,91
1,02/04/2023 09:00:00 PM,108
1,02/04/2023 10:00:00 PM,64
1,02/04/2023 11:00:00 PM,85
1,02/05/2023 12:00:00 AM,138
1,02/05/2023 01:00:00 AM,66
1,02/05/2023 02:00:00 AM,140
1,02/05/2023 03:00:00 AM,83
1,02/05/2023 04:00:00 AM,114
1,02/05/2023 05:00:00 AM,141
1,02/05/2023 06:00:00 AM,63
1,02/05/2023 07:00:00 AM,131
1,02/05/2023 08:00:00 AM,94
1,02/05/2023 09:00:00 AM,82
1,02/05/2023 10:00:00 AM,116
1,02/05/2023 11:00:00 AM,124
1,02/05/2023 12:00:00 PM,79
1,02/05/2023 01:00:00 PM,146
1,02/05/2023 02:00:00 PM,141
1,02/05/2023 03:00:00 PM,70
1,02/05/2023 04:00:00 PM,134
1,02/05/2023 05:00:00 PM,130
1,02/05/2023 06:00:00 PM,87
1,02/05/2023 07:00:00 PM,141
1,02/05/2023 08:00:00 PM,103
1,02/05/2023 09:00:00 PM,76
1,02/05/2023 10:00:00 PM,81
1,02/05/2023 11:00:00 PM,106
3,02/06/2023 12:00:00 AM,140
3,02/06/2023 01:00:00 AM,111
3,02/06/2023 02:00:00 AM,132
3,02/06/2023 03:00:00 AM,72
3,02/06/2023 04:00:00 AM,109
3,02/06/2023 05:00:00 AM,70
3,02/06/2023 06:00:00 AM,88
3,02/06/2023 07:00:00 AM,135
3,02/06/2023 08:00:00 AM,91
3,02/06/2023 09:00:00 AM,79
3,02/06/2023 10:00:00 AM,84
3,02/06/2023 11:00:00 AM,113
3,02/06/2023 12:00:00 PM,82
3,02/06/2023 01:00:00 PM,139
3,02/06/2023 02:00:00 PM,125
3,02/06/2023 03:00:00 PM,61
3,02/06/2023 04:00:00 PM,114
3,02/06/2023 05:00:00 PM,131
3,02/06/2023 06:00:00 PM,58
3,02/06/2023 07:00:00 PM,129
3,02/06/2023 08:00:00 PM,97
3,02/06/2023 09:00:00 PM,144
3,02/06/2023 10:00:00 PM,126
3,02/06/2023 11:00:00 PM,105
2,02/07/2023 12:00:00 AM,139
2,02/07/2023 01:00:00 AM,57
2,02/07/2023 02:00:00 AM,121
2,02/07/2023 03:00:00 AM,132
2,02/07/2023 04:00:00 AM,57
2,02/07/2023 05:00:00 AM,113
2,02/07/2023 06:00:00 AM,81
2,02/07/2023 07:00:00 AM,89
2,02/07/2023 08:00:00 AM,87
2,02/07/2023 09:00:00 AM,103
2,02/07/2023 10:00:00 AM,71
2,02/07/2023 11:00:00 AM,127
2,02/07/2023 12:00:00 PM,101
2,02/07/2023 01:00:00 PM,145
2,02/07/2023 02:00:00 PM,81
2,02/07/2023 03:00:00 PM,100
2,02/07/2023 04:00:00 PM,123
2,02/07/2023 05:00:00 PM,130
2,02/07/2023 06:00:00 PM,139
2,02/07/2023 07:00:00 PM,130
2,02/07/2023 08:00:00 PM,119
2,02/07/2023 09:00:00 PM,76
2,02/07/2023 10:00:00 PM,148
2,02/07/2023 11:00:00 PM,119
1,02/08/2023 12:00:00 AM,94
1,02/08/2023 01:00:00 AM,146
1,02/08/2023 02:00:00 AM,54
1,02/08/2023 03:00:00 AM,75
1,02/08/2023 04:00:00 AM,59
1,02/08/2023 05:00:00 AM,69
1,02/08/2023 06:00:00 AM,107
1,02/08/2023 07:00:00 AM,107
1,02/08/2023 08:00:00 AM,143
1,02/08/2023 09:00:00 AM,126
1,02/08/2023 10:00:00 AM,84
1,02/08/2023 11:00:00 AM,126
1,02/08/2023 12:00:00 PM,133
1,02/08/2023 01:00:00 PM,89
1,02/08/2023 02:00:00 PM,95
1,02/08/2023 03:00:00 PM,117
1,02/08/2023 04:00:00 PM,114
1,02/08/2023 05:00:00 PM,131
1,02/08/2023 06:00:00 PM,60
1,02/08/2023 07:00:00 PM,113
1,02/08/2023 08:00:00 PM,92
1,02/08/2023 09:00:00 PM,85
1,02/08/2023 10:00:00 PM,139
1,02/08/2023 11:00:00 PM,145
8,02/09/2023 12:00:00 AM,57
8,02/09/2023 01:00:00 AM,93
8,02/09/2023 02:00:00 AM,68
8,02/09/2023 03:00:00 AM,111
8,02/09/2023 04:00:00 AM,120
8,02/09/2023 05:00:00 AM,103
8,02/09/2023 06:00:00 AM,61
8,02/09/2023 07:00:00 AM,142
8,02/09/2023 08:00:00 AM,70
8,02/09/2023 09:00:00 AM,77
8,02/09/2023 10:00:00 AM,111
8,02/09/2023 11:00:00 AM,86
8,02/09/2023 12:00:00 PM,108
8,02/09/2023 01:00:00 PM,99
8,02/09/2023 02:00:00 PM,122
8,02/09/2023 03:00:00 PM,63
8,02/09/2023 04:00:00 PM,63
8,02/09/2023 05:00:00 PM,142
8,02/09/2023 06:00:00 PM,101
8,02/09/2023 07:00:00 PM,90
8,02/09/2023 08:00:00 PM,58
8,02/09/2023 09:00:00 PM,94
8,02/09/2023 10:00:00 PM,74
8,02/09/2023 11:00:00 PM,109
10,02/10/2023 12:00:00 AM,114
10,02/10/2023 01:00:00 AM,122
10,02/10/2023 02:00:00 AM,131
10,02/10/2023 03:00:00 AM,128
10,02/10/2023 04:00:00 AM,130
10,02/10/2023 05:00:00 AM,133
10,02/10/2023 06:00:00 AM,60
10,02/10/2023 07:00:00 AM,53
10,02/10/2023 08:00:00 AM,140
10,02/10/2023 09:00:00 AM,56
10,02/10/2023 10:00:00 AM,80
10,02/10/2023 11:00:00 AM,104
10,02/10/2023 12:00:00 PM,145
10,02/10/2023 01:00:00 PM,70
10,02/10/2023 02:00:00 PM,72
10,02/10/2023 03:00:00 PM,79
10,02/10/2023 04:00:00 PM,140
10,02/10/2023 05:00:00 PM,97
10,02/10/2023 06:00:00 PM,87
10,02/10/2023 07:00:00 PM,83
10,02/10/2023 08:00:00 PM,110
10,02/10/2023 09:00:00 PM,51
10,02/10/2023 10:00:00 PM,142
10,02/10/2023 11:00:00 PM,79
3,02/11/2023 12:00:00 AM,109
3,02/11/2023 01:00:00 AM,124
3,02/11/2023 02:00:00 AM,67
3,02/11/2023 03:00:00 AM,66
3,02/11/2023 04:00:00 AM,143
3,02/11/2023 05:00:00 AM,112
3,02/11/2023 06:00:00 AM,50
3,02/11/2023 07:00:00 AM,94
3,02/11/2023 08:00:00 AM,58
3,02/11/2023 09:00:00 AM,104
3,02/11/2023 10:00:00 AM,117
3,02/11/2023 11:00:00 AM,72
3,02/11/2023 12:00:00 PM,61
3,02/11/2023 01:00:00 PM,104
3,02/11/2023 02:00:00 PM,116
3,02/11/2023 03:00:00 PM,61
3,02/11/2023 04:00:00 PM,120
3,02/11/2023 05:00:00 PM,84
3,02/11/2023 06:00:00 PM,85
3,02/11/2023 07:00:00 PM,143
3,02/11/2023 08:00:00 PM,133
3,02/11/2023 09:00:00 PM,94
3,02/11/2023 10:00:00 PM,112
3,02/11/2023 11:00:00 PM,119
9,02/12/2023 12:00:00 AM,125
9,02/12/2023 01:00:00 AM,87
9,02/12/2023 02:00:00 AM,124
9,02/12/2023 03:00:00 AM,117
9,02/12/2023 04:00:00 AM,71
9,02/12/2023 05:00:00 AM,56
9,02/12/2023 06:00:00 AM,125
9,02/12/2023 07:00:00 AM,69
9,02/12/2023 08:00:00 AM,102
9,02/12/2023 09:00:00 AM,86
9,02/12/2023 10:00:00 AM,65
9,02/12/2023 11:00:00 AM,87
9,02/12/2023 12:00:00 PM,128
9,02/12/2023 01:00:00 PM,71
9,02/12/2023 02:00:00 PM,123
9,02/12/2023 03:00:00 PM,143
9,02/12/2023 04:00:00 PM,96
9,02/12/2023 05:00:00 PM,71
9,02/12/2023 06:00:00 PM,71
9,02/12/2023 07:00:00 PM,57
9,02/12/2023 08:00:00 PM,143
9,02/12/2023 09:00:00 PM,86
9,02/12/2023 10:00:00 PM,93
9,02/12/2023 11:00:00 PM,119
2,02/13/2023 12:00:00 AM,85
2,02/13/2023 01:00:00 AM,104
2,02/13/2023 02:00:00 AM,127
2,02/13/2023 03:00:00 AM,52
2,02/13/2023 04:00:00 AM,60
2,02/13/2023 05:00:00 AM,80
2,02/13/2023 06:00:00 AM,107
2,02/13/2023 07:00:00 AM,82
2,02/13/2023 08:00:00 AM,93
2,02/13/2023 09:00:00 AM,87
2,02/13/2023 10:00:00 AM,108
2,02/13/2023 11:00:00 AM,125
2,02/13/2023 12:00:00 PM,137
2,02/13/2023 01:00:00 PM,91
2,02/13/2023 02:00:00 PM,65
2,02/13/2023 03:00:00 PM,71
2,02/13/2023 04:00:00 PM,64
2,02/13/2023 05:00:00 PM,55
2,02/13/2023 06:00:00 PM,94
2,02/13/2023 07:00:00 PM,125
2,02/13/2023 08:00:00 PM,71
2,02/13/2023 09:00:00 PM,52
2,02/13/2023 10:00:00 PM,127
2,02/13/2023 11:00:00 PM,107
10,02/14/2023 12:00:00 AM,126
10,02/14/2023 01:00:00 AM,124
10,02/14/2023 02:00:00 AM,70
10,02/14/2023 03:00:00 AM,81
10,02/14/2023 04:00:00 AM,54
10,02/14/2023 05:00:00 AM,59
10,02/14/2023 06:00:00 AM,96
10,02/14/2023 07:00:00 AM,109
10,02/14/2023 08:00:00 AM,69
10,02/14/2023 09:00:00 AM,107
10,02/14/2023 10:00:00 AM,123
10,02/14/2023 11:00:00 AM,148
10,02/14/2023 12:00:00 PM,71
10,02/14/2023 01:00:00 PM,86
10,02/14/2023 02:00:00 PM,97
10,02/14/2023 03:00:00 PM,71
10,02/14/2023 04:00:00 PM,79
10,02/14/2023 05:00:00 PM,78
10,02/14/2023 06:00:00 PM,115
10,02/14/2023 07:00:00 PM,82
10,02/14/2023 08:00:00 PM,52
10,02/14/2023 09:00:00 PM,122
10,02/14/2023 10:00:00 PM,86
10,02/14/2023 11:00:00 PM,87
3,02/15/2023 12:00:00 AM,68
3,02/15/2023 01:00:00 AM,96
3,02/15/2023 02:00:00 AM,103
3,02/15/2023 03:00:00 AM,140
3,02/15/2023 04:00:00 AM,102
3,02/15/2023 05:00:00 AM,148
3,02/15/2023 06:00:00 AM,85
3,02/15/2023 07:00:00 AM,99
3,02/15/2023 08:00:00 AM,128
3,02/15/2023 09:00:00 AM,133
3,02/15/2023 10:00:00 AM,148
3,02/15/2023 11:00:00 AM,94
3,02/15/2023 12:00:00 PM,134
3,02/15/2023 01:00:00 PM,63
3,02/15/2023 02:00:00 PM,103
3,02/15/2023 03:00:00 PM,128
3,02/15/2023 04:00:00 PM,86
3,02/15/2023 05:00:00 PM,94
3,02/15/2023 06:00:00 PM,146
3,02/15/2023 07:00:00 PM,50
3,02/15/2023 08:00:00 PM,136
3,02/15/2023 09:00:00 PM,81
3,02/15/2023 10:00:00 PM,126
3,02/15/2023 11:00:00 PM,102
5,02/16/2023 12:00:00 AM,55
5,02/16/2023 01:00:00 AM,120
5,02/16/2023 02:00:00 AM,134
5,02/16/2023 03:00:00 AM,92
5,02/16/2023 04:00:00 AM,108
5,02/16/2023 05:00:00 AM,98
5,02/16/2023 06:00:00 AM,104
5,02/16/2023 07:00:00 AM,83
5,02/16/2023 08:00:00 AM,63
5,02/16/2023 09:00:00 AM,68
5,02/16/2023 10:00:00 AM,99
5,02/16/2023 11:00:00 AM,88
5,02/16/2023 12:00:00 PM,92
5,02/16/2023 01:00:00 PM,126
5,02/16/2023 02:00:00 PM,121
5,02/16/2023 03:00:00 PM,54
5,02/16/2023 04:00:00 PM,52
5,02/16/2023 05:00:00 PM,123
5,02/16/2023 06:00:00 PM,96
5,02/16/2023 07:00:00 PM,120
5,02/16/2023 08:00:00 PM,90
5,02/16/2023 09:00:00 PM,68
5,02/16/2023 10:00:00 PM,54
5,02/16/2023 11:00:00 PM,84
8,02/17/2023 12:00:00 AM,126
8,02/17/2023 01:00:00 AM,129
8,02/17/2023 02:00:00 AM,58
8,02/17/2023 03:00:00 AM,57
8,02/17/2023 04:00:00 AM,81
8,02/17/2023 05:00:00 AM,95
8,02/17/2023 06:00:00 AM,127
8,02/17/2023 07:00:00 AM,50
8,02/17/2023 08:00:00 AM,85
8,02/17/2023 09:00:00 AM,53
8,02/17/2023 10:00:00 AM,144
8,02/17/2023 11:00:00 AM,114
8,02/17/2023 12:00:00 PM,74
8,02/17/2023 01:00:00 PM,69
8,02/17/2023 02:00:00 PM,71
8,02/17/2023 03:00:00 PM,135
8,02/17/2023 04:00:00 PM,94
8,02/17/2023 05:00:00 PM,58
8,02/17/2023 06:00:00 PM,91
8,02/17/2023 07:00:00 PM,70
8,02/17/2023 08:00:00 PM,79
8,02/17/2023 09:00:00 PM,80
8,02/17/2023 10:00:00 PM,127
8,02/17/2023 11:00:00 PM,63
5,02/18/2023 12:00:00 AM,115
5,02/18/2023 01:00:00 AM,99
5,02/18/2023 02:00:00 AM,134
5,02/18/2023 03:00:00 AM,97
5,02/18/2023 04:00:00 AM,128
5,02/18/2023 05:00:00 AM,132
5,02/18/2023 06:00:00 AM,118
5,02/18/2023 07:00:00 AM,94
5,02/18/2023 08:00:00 AM,52
5,02/18/2023 09:00:00 AM,68
5,02/18/2023 10:00:00 AM,114
5,02/18/2023 11:00:00 AM,104
5,02/18/2023 12:00:00 PM,136
5,02/18/2023 01:00:00 PM,137
5,02/18/2023 02:00:00 PM,52
5,02/18/2023 03:00:00 PM,118
5,02/18/2023 04:00:00 PM,72
5,02/18/2023 05:00:00 PM,60
5,02/18/2023 06:00:00 PM,59
5,02/18/2023 07:00:00 PM,144
5,02/18/2023 08:00:00 PM,77
5,02/18/2023 09:00:00 PM,67
5,02/18/2023 10:00:00 PM,57
5,02/18/2023 11:00:00 PM,77
10,02/19/2023 12:00:00 AM,130
10,02/19/2023 01:00:00 AM,60
10,02/19/2023 02:00:00 AM,78
10,02/19/2023 03:00:00 AM,102
10,02/19/2023 04:00:00 AM,97
10,02/19/2023 05:00:00 AM,70
10,02/19/2023 06:00:00 AM,102
10,02/19/2023 07:00:00 AM,91
10,02/19/2023 08:00:00 AM,113
10,02/19/2023 09:00:00 AM,111
10,02/19/2023 10:00:00 AM,88
10,02/19/2023 11:00:00 AM,132
10,02/19/2023 12:00:00 PM,76
10,02/19/2023 01:00:00 PM,118
10,02/19/2023 02:00:00 PM,102
10,02/19/2023 03:00:00 PM,70
10,02/19/2023 04:00:00 PM,58
10,02/19/2023 05:00:00 PM,105
10,02/19/2023 06:00:00 PM,142
10,02/19/2023 07:00:00 PM,69
10,02/19/2023 08:00:00 PM,96
10,02/19/2023 09:00:00 PM,101
10,02/19/2023 10:00:00 PM,83
10,02/19/2023 11:00:00 PM,87
8,02/20/2023 12:00:00 AM,119
8,02/20/2023 01:00:00 AM,78
8,02/20/2023 02:00:00 AM,146
8,02/20/2023 03:00:00 AM,92
8,02/20/2023 04:00:00 AM,115
8,02/20/2023 05:00:00 AM,77
8,02/20/2023 06:00:00 AM,102
8,02/20/2023 07:00:00 AM,78
8,02/20/2023 08:00:00 AM,143
8,02/20/2023 09:00:00 AM,104
8,02/20/2023 10:00:00 AM,51
8,02/20/2023 11:00:00 AM,143
8,02/20/2023 12:00:00 PM,93
8,02/20/2023 01:00:00 PM,61
8,02/20/2023 02:00:00 PM,149
8,02/20/2023 03:00:00 PM,111
8,02/20/2023 04:00:00 PM,106
8,02/20/2023 05:00:00 PM,62
8,02/20/2023 06:00:00 PM,72
8,02/20/2023 07:00:00 PM,61
8,02/20/2023 08:00:00 PM,136
8,02/20/2023 09:00:00 PM,56
8,02/20/2023 10:00:00 PM,108
8,02/20/2023 11:00:00 PM,76
6,02/21/2023 12:00:00 AM,133
6,02/21/2023 01:00:00 AM,67
6,02/21/2023 02:00:00 AM,51
6,02/21/2023 03:00:00 AM,80
6,02/21/2023 04:00:00 AM,145
6,02/21/2023 05:00:00 AM,96
6,02/21/2023 06:00:00 AM,90
6,02/21/2023 07:00:00 AM,120
6,02/21/2023 08:00:00 AM,58
6,02/21/2023 09:00:00 AM,57
6,02/21/2023 10:00:00 AM,52
6,02/21/2023 11:00:00 AM,59
6,02/21/2023 12:00:00 PM,96
6,02/21/2023 01:00:00 PM,78
6,02/21/2023 02:00:00 PM,54
6,02/21/2023 03:00:00 PM,77
6,02/21/2023 04:00:00 PM,61
6,02/21/2023 05:00:00 PM,56
6,02/21/2023 06:00:00 PM,146
6,02/21/2023 07:00:00 PM,54
6,02/21/2023 08:00:00 PM,127
6,02/21/2023 09:00:00 PM,104
6,02/21/2023 10:00:00 PM,116
6,02/21/2023 11:00:00 PM,61
6,02/22/2023 12:00:00 AM,61
6,02/22/2023 01:00:00 AM,102
6,02/22/2023 02:00:00 AM,60
6,02/22/2023 03:00:00 AM,130
6,02/22/2023 04:00:00 AM,63
6,02/22/2023 05:00:00 AM,75
6,02/22/2023 06:00:00 AM,131
6,02/22/2023 07:00:00 AM,113
6,02/22/2023 08:00:00 AM,136
6,02/22/2023 09:00:00 AM,127
6,02/22/2023 10:00:00 AM,117
6,02/22/2023 11:00:00 AM,117
6,02/22/2023 12:00:00 PM,101
6,02/22/2023 01:00:00 PM,105
6,02/22/2023 02:00:00 PM,133
6,02/22/2023 03:00:00 PM,55
6,02/22/2023 04:00:00 PM,70
6,02/22/2023 05:00:00 PM,135
6,02/22/2023 06:00:00 PM,96
6,02/22/2023 07:00:00 PM,111
6,02/22/2023 08:00:00 PM,117
6,02/22/2023 09:00:00 PM,59
6,02/22/2023 10:00:00 PM,108
6,02/22/2023 11:00:00 PM,94
10,02/23/2023 12:00:00 AM,82
10,02/23/2023 01:00:00 AM,88
10,02/23/2023 02:00:00 AM,146
10,02/23/2023 03:00:00 AM,59
10,02/23/2023 04:00:00 AM,99
10,02/23/2023 05:00:00 AM,88
10,02/23/2023 06:00:00 AM,70
10,02/23/2023 07:00:00 AM,68
10,02/23/2023 08:00:00 AM,139
10,02/23/2023 09:00:00 AM,92
10,02/23/2023 10:00:00 AM,124
10,02/23/2023 11:00:00 AM,87
10,02/23/2023 12:00:00 PM,110
10,02/23/2023 01:00:00 PM,101
10,02/23/2023 02:00:00 PM,77
10,02/23/2023 03:00:00 PM,55
10,02/23/2023 04:00:00 PM,131
10,02/23/2023 05:00:00 PM,108
10,02/23/2023 06:00:00 PM,67
10,02/23/2023 07:00:00 PM,135
10,02/23/2023 08:00:00 PM,138
10,02/23/2023 09:00:00 PM,102
10,02/23/2023 10:00:00 PM,136
10,02/23/2023 11:00:00 PM,131
2,02/24/2023 12:00:00 AM,65
2,02/24/2023 01:00:00 AM,93
2,02/24/2023 02:00:00 AM,59
2,02/24/2023 03:00:00 AM,71
2,02/24/2023 04:00:00 AM,87
2,02/24/2023 05:00:00 AM,124
2,02/24/2023 06:00:00 AM,120
2,02/24/2023 07:00:00 AM,104
2,02/24/2023 08:00:00 AM,80
2,02/24/2023 09:00:00 AM,134
2,02/24/2023 10:00:00 AM,88
2,02/24/2023 11:00:00 AM,93
2,02/24/2023 12:00:00 PM,98
2,02/24/2023 01:00:00 PM,119
2,02/24/2023 02:00:00 PM,105
2,02/24/2023 03:00:00 PM,51
2,02/24/2023 04:00:00 PM,114
2,02/24/2023 05:00:00 PM,51
2,02/24/2023 06:00:00 PM,132
2,02/24/2023 07:00:00 PM,134
2,02/24/2023 08:00:00 PM,115
2,02/24/2023 09:00:00 PM,66
2,02/24/2023 10:00:00 PM,82
2,02/24/2023 11:00:00 PM,109
1,02/25/2023 12:00:00 AM,131
1,02/25/2023 01:00:00 AM,52
1,02/25/2023 02:00:00 AM,60
1,02/25/2023 03:00:00 AM,114
1,02/25/2023 04:00:00 AM,59
1,02/25/2023 05:00:00 AM,124
1,02/25/2023 06:00:00 AM,96
1,02/25/2023 07:00:00 AM,100
1,02/25/2023 08:00:00 AM,81
1,02/25/2023 09:00:00 AM,87
1,02/25/2023 10:00:00 AM,89
1,02/25/2023 11:00:00 AM,149
1,02/25/2023 12:00:00 PM,59
1,02/25/2023 01:00:00 PM,142
1,02/25/2023 02:00:00 PM,80
1,02/25/2023 03:00:00 PM,143
1,02/25/2023 04:00:00 PM,54
1,02/25/2023 05:00:00 PM,127
1,02/25/2023 06:00:00 PM,106
1,02/25/2023 07:00:00 PM,126
1,02/25/2023 08:00:00 PM,107
1,02/25/2023 09:00:00 PM,66
1,02/25/2023 10:00:00 PM,76
1,02/25/2023 11:00:00 PM,112
4,02/26/2023 12:00:00 AM,110
4,02/26/2023 01:00:00 AM,117
4,02/26/2023 02:00:00 AM,89
4,02/26/2023 03:00:00 AM,77
4,02/26/2023 04:00:00 AM,80
4,02/26/2023 05:00:00 AM,80
4,02/26/2023 06:00:00 AM,73
4,02/26/2023 07:00:00 AM,62
4,02/26/2023 08:00:00 AM,140
4,02/26/2023 09:00:00 AM,89
4,02/26/2023 10:00:00 AM,121
4,02/26/2023 11:00:00 AM,138
4,02/26/2023 12:00:00 PM,88
4,02/26/2023 01:00:00 PM,143
4,02/26/2023 02:00:00 PM,111
4,02/26/2023 03:00:00 PM,145
4,02/26/2023 04:00:00 PM,148
4,02/26/2023 05:00:00 PM,86
4,02/26/2023 06:00:00 PM,123
4,02/26/2023 07:00:00 PM,92
4,02/26/2023 08:00:00 PM,91
4,02/26/2023 09:00:00 PM,55
4,02/26/2023 10:00:00 PM,80
4,02/26/2023 11:00:00 PM,106
9,02/27/2023 12:00:00 AM,68
9,02/27/2023 01:00:00 AM,120
9,02/27/2023 02:00:00 AM,132
9,02/27/2023 03:00:00 AM,106
9,02/27/2023 04:00:00 AM,88
9,02/27/2023 05:00:00 AM,101
9,02/27/2023 06:00:00 AM,90
9,02/27/2023 07:00:00 AM,79
9,02/27/2023 08:00:00 AM,63
9,02/27/2023 09:00:00 AM,123
9,02/27/2023 10:00:00 AM,129
9,02/27/2023 11:00:00 AM,104
9,02/27/2023 12:00:00 PM,74
9,02/27/2023 01:00:00 PM,126
9,02/27/2023 02:00:00 PM,86
9,02/27/2023 03:00:00 PM,84
9,02/27/2023 04:00:00 PM,66
9,02/27/2023 05:00:00 PM,109
9,02/27/2023 06:00:00 PM,102
9,02/27/2023 07:00:00 PM,78
9,02/27/2023 08:00:00 PM,71
9,02/27/2023 09:00:00 PM,66
9,02/27/2023 10:00:00 PM,68
9,02/27/2023 11:00:00 PM,135
3,02/28/2023 12:00:00 AM,83
3,02/28/2023 01:00:00 AM,114
3,02/28/2023 02:00:00 AM,56
3,02/28/2023 03:00:00 AM,89
3,02/28/2023 04:00:00 AM,69
3,02/28/2023 05:00:00 AM,84
3,02/28/2023 06:00:00 AM,127
3,02/28/2023 07:00:00 AM,141
3,02/28/2023 08:00:00 AM,137
3,02/28/2023 09:00:00 AM,116
3,02/28/2023 10:00:00 AM,93
3,02/28/2023 11:00:00 AM,138
3,02/28/2023 12:00:00 PM,118
3,02/28/2023 01:00:00 PM,79
3,02/28/2023 02:00:00 PM,61
3,02/28/2023 03:00:00 PM,92
3,02/28/2023 04:00:00 PM,69
3,02/28/2023 05:00:00 PM,143
3,02/28/2023 06:00:00 PM,126
3,02/28/2023 07:00:00 PM,114
3,02/28/2023 08:00:00 PM,108
3,02/28/2023 09:00:00 PM,132
3,02/28/2023 10:00:00 PM,78
3,02/28/2023 11:00:00 PM,97
9,03/01/2023 12:00:00 AM,64
9,03/01/2023 01:00:00 AM,84
9,03/01/2023 02:00:00 AM,64
9,03/01/2023 03:00:00 AM,147
9,03/01/2023 04:00:00 AM,96
9,03/01/2023 05:00:00 AM,147
9,03/01/2023 06:00:00 AM,75
9,03/01/2023 07:00:00 AM,66
9,03/01/2023 08:00:00 AM,109
9,03/01/2023 09:00:00 AM,148
9,03/01/2023 10:00:00 AM,146
9,03/01/2023 11:00:00 AM,83
9,03/01/2023 12:00:00 PM,68
9,03/01/2023 01:00:00 PM,113
9,03/01/2023 02:00:00 PM,105
9,03/01/2023 03:00:00 PM,138
9,03/01/2023 04:00:00 PM,149
9,03/01/2023 05:00:00 PM,146
9,03/01/2023 06:00:00 PM,122
9,03/01/2023 07:00:00 PM,55
9,03/01/2023 08:00:00 PM,141
9,03/01/2023 09:00:00 PM,83
9,03/01/2023 10:00:00 PM,64
9,03/01/2023 11:00:00 PM,63
3,03/02/2023 12:00:00 AM,127
3,03/02/2023 01:00:00 AM,98
3,03/02/2023 02:00:00 AM,110
3,03/02/2023 03:00:00 AM,85
3,03/02/2023 04:00:00 AM,133
3,03/02/2023 05:00:00 AM,136
3,03/02/2023 06:00:00 AM,108
3,03/02/2023 07:00:00 AM,85
3,03/02/2023 08:00:00 AM,68
3,03/02/2023 09:00:00 AM,57
3,03/02/2023 10:00:00 AM,141
3,03/02/2023 11:00:00 AM,54
3,03/02/2023 12:00:00 PM,113
3,03/02/2023 01:00:00 PM,144
3,03/02/2023 02:00:00 PM,97
3,03/02/2023 03:00:00 PM,76
3,03/02/2023 04:00:00 PM,121
3,03/02/2023 05:00:00 PM,114
3,03/02/2023 06:00:00 PM,67
3,03/02/2023 07:00:00 PM,89
3,03/02/2023 08:00:00 PM,106
3,03/02/2023 09:00:00 PM,84
3,03/02/2023 10:00:00 PM,137
3,03/02/2023 11:00:00 PM,72
10,03/03/2023 12:00:00 AM,55
10,03/03/2023 01:00:00 AM,105
10,03/03/2023 02:00:00 AM,103
10,03/03/2023 03:00:00 AM,124
10,03/03/2023 04:00:00 AM,108
10,03/03/2023 05:00:00 AM,98
10,03/03/2023 06:00:00 AM,68
10,03/03/2023 07:00:00 AM,106
10,03/03/2023 08:00:00 AM,144
10,03/03/2023 09:00:00 AM,91
10,03/03/2023 10:00:00 AM,52
10,03/03/2023 11:00:00 AM,76
10,03/03/2023 12:00:00 PM,77
10,03/03/2023 01:00:00 PM,129
10,03/03/2023 02:00:00 PM,143
10,03/03/2023 03:00:00 PM,103
10,03/03/2023 04:00:00 PM,70
10,03/03/2023 05:00:00 PM,64
10,03/03/2023 06:00:00 PM,129
10,03/03/2023 07:00:00 PM,73
10,03/03/2023 08:00:00 PM,134
10,03/03/2023 09:00:00 PM,149
10,03/03/2023 10:00:00 PM,148
10,03/03/2023 11:00:00 PM,90
6,03/04/2023 12:00:00 AM,58
6,03/04/2023 01:00:00 AM,124
6,03/04/2023 02:00:00 AM,64
6,03/04/2023 03:00:00 AM,57
6,03/04/2023 04:00:00 AM,62
6,03/04/2023 05:00:00 AM,77
6,03/04/2023 06:00:00 AM,67
6,03/04/2023 07:00:00 AM,148
6,03/04/2023 08:00:00 AM,56
6,03/04/2023 09:00:00 AM,70
6,03/04/2023 10:00:00 AM,126
6,03/04/2023 11:00:00 AM,113
6,03/04/2023 12:00:00 PM,68
6,03/04/2023 01:00:00 PM,61
6,03/04/2023 02:00:00 PM,71
6,03/04/2023 03:00:00 PM,130
6,03/04/2023 04:00:00 PM,128
6,03/04/2023 05:00:00 PM,133
6,03/04/2023 06:00:00 PM,60
6,03/04/2023 07:00:00 PM,68
6,03/04/2023 08:00:00 PM,99
6,03/04/2023 09:00:00 PM,62
6,03/04/2023 10:00:00 PM,104
6,03/04/2023 11:00:00 PM,87
7,03/05/2023 12:00:00 AM,117
7,03/05/2023 01:00:00 AM,88
7,03/05/2023 02:00:00 AM,98
7,03/05/2023 03:00:00 AM,76
7,03/05/2023 04:00:00 AM,142
7,03/05/2023 05:00:00 AM,84
7,03/05/2023 06:00:00 AM,113
7,03/05/2023 07:00:00 AM,63
7,03/05/2023 08:00:00 AM,113
7,03/05/2023 09:00:00 AM,88
7,03/05/2023 10:00:00 AM,115
7,03/05/2023 11:00:00 AM,110
7,03/05/2023 12:00:00 PM,87
7,03/05/2023 01:00:00 PM,61
7,03/05/2023 02:00:00 PM,53
7,03/05/2023 03:00:00 PM,127
7,03/05/2023 04:00:00 PM,66
7,03/05/2023 05:00:00 PM,122
7,03/05/2023 06:00:00 PM,124
7,03/05/2023 07:00:00 PM,59
7,03/05/2023 08:00:00 PM,130
7,03/05/2023 09:00:00 PM,141
7,03/05/2023 10:00:00 PM,51
7,03/05/2023 11:00:00 PM,133
6,03/06/2023 12:00:00 AM,127
6,03/06/2023 01:00:00 AM,113
6,03/06/2023 02:00:00 AM,104
6,03/06/2023 03:00:00 AM,72
6,03/06/2023 04:00:00 AM,90
6,03/06/2023 05:00:00 AM,102
6,03/06/2023 06:00:00 AM,100
6,03/06/2023 07:00:00 AM,123
6,03/06/2023 08:00:00 AM,72
6,03/06/2023 09:00:00 AM,85
6,03/06/2023 10:00:00 AM,104
6,03/06/2023 11:00:00 AM,63
6,03/06/2023 12:00:00 PM,145
6,03/06/2023 01:00:00 PM,89
6,03/06/2023 02:00:00 PM,89
6,03/06/2023 03:00:00 PM,90
6,03/06/2023 04:00:00 PM,75
6,03/06/2023 05:00:00 PM,129
6,03/06/2023 06:00:00 PM,58
6,03/06/2023 07:00:00 PM,64
6,03/06/2023 08:00:00 PM,134
6,03/06/2023 09:00:00 PM,100
6,03/06/2023 10:00:00 PM,61
6,03/06/2023 11:00:00 PM,109
5,03/07/2023 12:00:00 AM,147
5,03/07/2023 01:00:00 AM,52
5,03/07/2023 02:00:00 AM,87
5,03/07/2023 03:00:00 AM,74
5,03/07/2023 04:00:00 AM,62
5,03/07/2023 05:00:00 AM,139
5,03/07/2023 06:00:00 AM,119
5,03/07/2023 07:00:00 AM,115
5,03/07/2023 08:00:00 AM,126
5,03/07/2023 09:00:00 AM,100
5,03/07/2023 10:00:00 AM,118
5,03/07/2023 11:00:00 AM,85
5,03/07/2023 12:00:00 PM,104
5,03/07/2023 01:00:00 PM,134
5,03/07/2023 02:00:00 PM,62
5,03/07/2023 03:00:00 PM,127
5,03/07/2023 04:00:00 PM,130
5,03/07/2023 05:00:00 PM,148
5,03/07/2023 06:00:00 PM,127
5,03/07/2023 07:00:00 PM,56
5,03/07/2023 08:00:00 PM,67
5,03/07/2023 09:00:00 PM,56
5,03/07/2023 10:00:00 PM,136
5,03/07/2023 11:00:00 PM,108
7,03/08/2023 12:00:00 AM,146
7,03/08/2023 01:00:00 AM,117
7,03/08/2023 02:00:00 AM,77
7,03/08/2023 03:00:00 AM,108
7,03/08/2023 04:00:00 AM,88
7,03/08/2023 05:00:00 AM,59
7,03/08/2023 06:00:00 AM,76
7,03/08/2023 07:00:00 AM,57
7,03/08/2023 08:00:00 AM,126
7,03/08/2023 09:00:00 AM,85
7,03/08/2023 10:00:00 AM,126
7,03/08/2023 11:00:00 AM,88
7,03/08/2023 12:00:00 PM,75
7,03/08/2023 01:00:00 PM,128
7,03/08/2023 02:00:00 PM,60
7,03/08/2023 03:00:00 PM,144
7,03/08/2023 04:00:00 PM,56
7,03/08/2023 05:00:00 PM,147
7,03/08/2023 06:00:00 PM,120
7,03/08/2023 07:00:00 PM,149
7,03/08/2023 08:00:00 PM,108
7,03/08/2023 09:00:00 PM,80
7,03/08/2023 10:00:00 PM,96
7,03/08/2023 11:00:00 PM,106
6,03/09/2023 12:00:00 AM,95
6,03/09/2023 01:00:00 AM,80
6,03/09/2023 02:00:00 AM,142
6,03/09/2023 03:00:00 AM,141
6,03/09/2023 04:00:00 AM,137
6,03/09/2023 05:00:00 AM,87
6,03/09/2023 06:00:00 AM,115
6,03/09/2023 07:00:00 AM,145
6,03/09/2023 08:00:00 AM,51
6,03/09/2023 09:00:00 AM,116
6,03/09/2023 10:00:00 AM,133
6,03/09/2023 11:00:00 AM,111
6,03/09/2023 12:00:00 PM,130
6,03/09/2023 01:00:00 PM,96
6,03/09/2023 02:00:00 PM,143
6,03/09/2023 03:00:00 PM,75
6,03/09/2023 04:00:00 PM,63
6,03/09/2023 05:00:00 PM,84
6,03/09/2023 06:00:00 PM,145
6,03/09/2023 07:00:00 PM,111
6,03/09/2023 08:00:00 PM,100
6,03/09/2023 09:00:00 PM,126
6,03/09/2023 10:00:00 PM,142
6,03/09/2023 11:00:00 PM,84
4,03/10/2023 12:00:00 AM,101
4,03/10/2023 01:00:00 AM,109
4,03/10/2023 02:00:00 AM,84
4,03/10/2023 03:00:00 AM,132
4,03/10/2023 04:00:00 AM,88
4,03/10/2023 05:00:00 AM,141
4,03/10/2023 06:00:00 AM,77
4,03/10/2023 07:00:00 AM,76
4,03/10/2023 08:00:00 AM,57
4,03/10/2023 09:00:00 AM,133
4,03/10/2023 10:00:00 AM,77
4,03/10/2023 11:00:00 AM,142
4,03/10/2023 12:00:00 PM,111
4,03/10/2023 01:00:00 PM,50
4,03/10/2023 02:00:00 PM,117
4,03/10/2023 03:00:00 PM,54
4,03/10/2023 04:00:00 PM,85
4,03/10/2023 05:00:00 PM,109
4,03/10/2023 06:00:00 PM,135
4,03/10/2023 07:00:00 PM,89
4,03/10/2023 08:00:00 PM,89
4,03/10/2023 09:00:00 PM,140
4,03/10/2023 10:00:00 PM,78
4,03/10/2023 11:00:00 PM,136
3,03/11/2023 12:00:00 AM,123
3,03/11/2023 01:00:00 AM,127
3,03/11/2023 02:00:00 AM,72
3,03/11/2023 03:00:00 AM,58
3,03/11/2023 04:00:00 AM,141
3,03/11/2023 05:00:00 AM,77
3,03/11/2023 06:00:00 AM,77
3,03/11/2023 07:00:00 AM,138
3,03/11/2023 08:00:00 AM,62
3,03/11/2023 09:00:00 AM,140
3,03/11/2023 10:00:00 AM,101
3,03/11/2023 11:00:00 AM,97
3,03/11/2023 12:00:00 PM,61
3,03/11/2023 01:00:00 PM,131
3,03/11/2023 02:00:00 PM,69
3,03/11/2023 03:00:00 PM,88
3,03/11/2023 04:00:00 PM,149
3,03/11/2023 05:00:00 PM,124
3,03/11/2023 06:00:00 PM,66
3,03/11/2023 07:00:00 PM,80
3,03/11/2023 08:00:00 PM,116
3,03/11/2023 09:00:00 PM,89
3,03/11/2023 10:00:00 PM,145
3,03/11/2023 11:00:00 PM,87
8,03/12/2023 12:00:00 AM,103
8,03/12/2023 01:00:00 AM,120
8,03/12/2023 02:00:00 AM,135
8,03/12/2023 03:00:00 AM,95
8,03/12/2023 04:00:00 AM,149
8,03/12/2023 05:00:00 AM,89
8,03/12/2023 06:00:00 AM,63
8,03/12/2023 07:00:00 AM,58
8,03/12/2023 08:00:00 AM,106
8,03/12/2023 09:00:00 AM,69
8,03/12/2023 10:00:00 AM,128
8,03/12/2023 11:00:00 AM,136
8,03/12/2023 12:00:00 PM,99
8,03/12/2023 01:00:00 PM,141
8,03/12/2023 02:00:00 PM,84
8,03/12/2023 03:00:00 PM,129
8,03/12/2023 04:00:00 PM,127
8,03/12/2023 05:00:00 PM,82
8,03/12/2023 06:00:00 PM,148
8,03/12/2023 07:00:00 PM,57
8,03/12/2023 08:00:00 PM,84
8,03/12/2023 09:00:00 PM,141
8,03/12/2023 10:00:00 PM,59
8,03/12/2023 11:00:00 PM,102
5,03/13/2023 12:00:00 AM,147
5,03/13/2023 01:00:00 AM,62
5,03/13/2023 02:00:00 AM,128
5,03/13/2023 03:00:00 AM,147
5,03/13/2023 04:00:00 AM,52
5,03/13/2023 05:00:00 AM,132
5,03/13/2023 06:00:00 AM,52
5,03/13/2023 07:00:00 AM,102
5,03/13/2023 08:00:00 AM,99
5,03/13/2023 09:00:00 AM,64
5,03/13/2023 10:00:00 AM,122
5,03/13/2023 11:00:00 AM,87
5,03/13/2023 12:00:00 PM,87
5,03/13/2023 01:00:00 PM,52
5,03/13/2023 02:00:00 PM,129
5,03/13/2023 03:00:00 PM,118
5,03/13/2023 04:00:00 PM,139
5,03/13/2023 05:00:00 PM,100
5,03/13/2023 06:00:00 PM,84
5,03/13/2023 07:00:00 PM,100
5,03/13/2023 08:00:00 PM,126
5,03/13/2023 09:00:00 PM,119
5,03/13/2023 10:00:00 PM,138
5,03/13/2023 11:00:00 PM,80
8,03/14/2023 12:00:00 AM,129
8,03/14/2023 01:00:00 AM,101
8,03/14/2023 02:00:00 AM,65
8,03/14/2023 03:00:00 AM,73
8,03/14/2023 04:00:00 AM,80
8,03/14/2023 05:00:00 AM,81
8,03/14/2023 06:00:00 AM,57
8,03/14/2023 07:00:00 AM,67
8,03/14/2023 08:00:00 AM,59
8,03/14/2023 09:00:00 AM,66
8,03/14/2023 10:00:00 AM,58
8,03/14/2023 11:00:00 AM,116
8,03/14/2023 12:00:00 PM,70
8,03/14/2023 01:00:00 PM,77
8,03/14/2023 02:00:00 PM,148
8,03/14/2023 03:00:00 PM,75
8,03/14/2023 04:00:00 PM,111
8,03/14/2023 05:00:00 PM,78
8,03/14/2023 06:00:00 PM,113
8,03/14/2023 07:00:00 PM,117
8,03/14/2023 08:00:00 PM,84
8,03/14/2023 09:00:00 PM,86
8,03/14/2023 10:00:00 PM,113
8,03/14/2023 11:00:00 PM,117
1,03/15/2023 12:00:00 AM,122
1,03/15/2023 01:00:00 AM,123
1,03/15/2023 02:00:00 AM,136
1,03/15/2023 03:00:00 AM,131
1,03/15/2023 04:00:00 AM,100
1,03/15/2023 05:00:00 AM,123
1,03/15/2023 06:00:00 AM,128
1,03/15/2023 07:00:00 AM,109
1,03/15/2023 08:00:00 AM,147
1,03/15/2023 09:00:00 AM,135
1,03/15/2023 10:00:00 AM,126
1,03/15/2023 11:00:00 AM,137
1,03/15/2023 12:00:00 PM,52
1,03/15/2023 01:00:00 PM,71
1,03/15/2023 02:00:00 PM,108
1,03/15/2023 03:00:00 PM,130
1,03/15/2023 04:00:00 PM,110
1,03/15/2023 05:00:00 PM,54
1,03/15/2023 06:00:00 PM,74
1,03/15/2023 07:00:00 PM,141
1,03/15/2023 08:00:00 PM,115
1,03/15/2023 09:00:00 PM,110
1,03/15/2023 10:00:00 PM,147
1,03/15/2023 11:00:00 PM,116
1,03/16/2023 12:00:00 AM,121
1,03/16/2023 01:00:00 AM,64
1,03/16/2023 02:00:00 AM,127
1,03/16/2023 03:00:00 AM,87
1,03/16/2023 04:00:00 AM,77
1,03/16/2023 05:00:00 AM,144
1,03/16/2023 06:00:00 AM,133
1,03/16/2023 07:00:00 AM,120
1,03/16/2023 08:00:00 AM,97
1,03/16/2023 09:00:00 AM,77
1,03/16/2023 10:00:00 AM,54
1,03/16/2023 11:00:00 AM,149
1,03/16/2023 12:00:00 PM,79
1,03/16/2023 01:00:00 PM,75
1,03/16/2023 02:00:00 PM,122
1,03/16/2023 03:00:00 PM,121
1,03/16/2023 04:00:00 PM,109
1,03/16/2023 05:00:00 PM,129
1,03/16/2023 06:00:00 PM,122
1,03/16/2023 07:00:00 PM,121
1,03/16/2023 08:00:00 PM,85
1,03/16/2023 09:00:00 PM,91
1,03/16/2023 10:00:00 PM,81
1,03/16/2023 11:00:00 PM,142
7,03/17/2023 12:00:00 AM,51
7,03/17/2023 01:00:00 AM,61
7,03/17/2023 02:00:00 AM,93
7,03/17/2023 03:00:00 AM,68
7,03/17/2023 04:00:00 AM,107
7,03/17/2023 05:00:00 AM,133
7,03/17/2023 06:00:00 AM,135
7,03/17/2023 07:00:00 AM,89
7,03/17/2023 08:00:00 AM,101
7,03/17/2023 09:00:00 AM,87
7,03/17/2023 10:00:00 AM,124
7,03/17/2023 11:00:00 AM,132
7,03/17/2023 12:00:00 PM,104
7,03/17/2023 01:00:00 PM,119
7,03/17/2023 02:00:00 PM,94
7,03/17/2023 03:00:00 PM,92
7,03/17/2023 04:00:00 PM,70
7,03/17/2023 05:00:00 PM,71
7,03/17/2023 06:00:00 PM,90
7,03/17/2023 07:00:00 PM,59
7,03/17/2023 08:00:00 PM,61
7,03/17/2023 09:00:00 PM,108
7,03/17/2023 10:00:00 PM,97
7,03/17/2023 11:00:00 PM,120
10,03/18/2023 12:00:00 AM,142
10,03/18/2023 01:00:00 AM,147
10,03/18/2023 02:00:00 AM,126
10,03/18/2023 03:00:00 AM,141
10,03/18/2023 04:00:00 AM,54
10,03/18/2023 05:00:00 AM,86
10,03/18/2023 06:00:00 AM,101
10,03/18/2023 07:00:00 AM,69
10,03/18/2023 08:00:00 AM,121
10,03/18/2023 09:00:00 AM,53
10,03/18/2023 10:00:00 AM,63
10,03/18/2023 11:00:00 AM,77
10,03/18/2023 12:00:00 PM,87
10,03/18/2023 01:00:00 PM,56
10,03/18/2023 02:00:00 PM,71
10,03/18/2023 03:00:00 PM,75
10,03/18/2023 04:00:00 PM,89
10,03/18/2023 05:00:00 PM,149
10,03/18/2023 06:00:00 PM,129
10,03/18/2023 07:00:00 PM,129
10,03/18/2023 08:00:00 PM,140
10,03/18/2023 09:00:00 PM,56
10,03/18/2023 10:00:00 PM,80
10,03/18/2023 11:00:00 PM,106
8,03/19/2023 12:00:00 AM,81
8,03/19/2023 01:00:00 AM,56
8,03/19/2023 02:00:00 AM,56
8,03/19/2023 03:00:00 AM,64
8,03/19/2023 04:00:00 AM,91
8,03/19/2023 05:00:00 AM,126
8,03/19/2023 06:00:00 AM,128
8,03/19/2023 07:00:00 AM,141
8,03/19/2023 08:00:00 AM,92
8,03/19/2023 09:00:00 AM,85
8,03/19/2023 10:00:00 AM,117
8,03/19/2023 11:00:00 AM,53
8,03/19/2023 12:00:00 PM,133
8,03/19/2023 01:00:00 PM,50
8,03/19/2023 02:00:00 PM,115
8,03/19/2023 03:00:00 PM,59
8,03/19/2023 04:00:00 PM,103
8,03/19/2023 05:00:00 PM,144
8,03/19/2023 06:00:00 PM,148
8,03/19/2023 07:00:00 PM,60
8,03/19/2023 08:00:00 PM,136
8,03/19/2023 09:00:00 PM,57
8,03/19/2023 10:00:00 PM,65
8,03/19/2023 11:00:00 PM,114
8,03/20/2023 12:00:00 AM,121
8,03/20/2023 01:00:00 AM,83
8,03/20/2023 02:00:00 AM,141
8,03/20/2023 03:00:00 AM,121
8,03/20/2023 04:00:00 AM,135
8,03/20/2023 05:00:00 AM,137
8,03/20/2023 06:00:00 AM,108
8,03/20/2023 07:00:00 AM,97
8,03/20/2023 08:00:00 AM,121
8,03/20/2023 09:00:00 AM,59
8,03/20/2023 10:00:00 AM,118
8,03/20/2023 11:00:00 AM,72
8,03/20/2023 12:00:00 PM,95
8,03/20/2023 01:00:00 PM,116
8,03/20/2023 02:00:00 PM,78
8,03/20/2023 03:00:00 PM,64
8,03/20/2023 04:00:00 PM,63
8,03/20/2023 05:00:00 PM,135
8,03/20/2023 06:00:00 PM,71
8,03/20/2023 07:00:00 PM,95
8,03/20/2023 08:00:00 PM,147
8,03/20/2023 09:00:00 PM,143
8,03/20/2023 10:00:00 PM,146
8,03/20/2023 11:00:00 PM,79
1,03/21/2023 12:00:00 AM,66
1,03/21/2023 01:00:00 AM,76
1,03/21/2023 02:00:00 AM,78
1,03/21/2023 03:00:00 AM,136
1,03/21/2023 04:00:00 AM,125
1,03/21/2023 05:00:00 AM,80
1,03/21/2023 06:00:00 AM,142
1,03/21/2023 07:00:00 AM,108
1,03/21/2023 08:00:00 AM,119
1,03/21/2023 09:00:00 AM,63
1,03/21/2023 10:00:00 AM,99
1,03/21/2023 11:00:00 AM,50
1,03/21/2023 12:00:00 PM,56
1,03/21/2023 01:00:00 PM,142
1,03/21/2023 02:00:00 PM,125
1,03/21/2023 03:00:00 PM,115
1,03/21/2023 04:00:00 PM,128
1,03/21/2023 05:00:00 PM,121
1,03/21/2023 06:00:00 PM,134
1,03/21/2023 07:00:00 PM,148
1,03/21/2023 08:00:00 PM,145
1,03/21/2023 09:00:00 PM,77
1,03/21/2023 10:00:00 PM,104
1,03/21/2023 11:00:00 PM,63
1,03/22/2023 12:00:00 AM,99
1,03/22/2023 01:00:00 AM,97
1,03/22/2023 02:00:00 AM,100
1,03/22/2023 03:00:00 AM,123
1,03/22/2023 04:00:00 AM,61
1,03/22/2023 05:00:00 AM,107
1,03/22/2023 06:00:00 AM,103
1,03/22/2023 07:00:00 AM,107
1,03/22/2023 08:00:00 AM,64
1,03/22/2023 09:00:00 AM,118
1,03/22/2023 10:00:00 AM,81
1,03/22/2023 11:00:00 AM,103
1,03/22/2023 12:00:00 PM,126
1,03/22/2023 01:00:00 PM,76
1,03/22/2023 02:00:00 PM,128
1,03/22/2023 03:00:00 PM,141
1,03/22/2023 04:00:00 PM,103
1,03/22/2023 05:00:00 PM,134
1,03/22/2023 06:00:00 PM,63
1,03/22/2023 07:00:00 PM,73
1,03/22/2023 08:00:00 PM,88
1,03/22/2023 09:00:00 PM,58
1,03/22/2023 10:00:00 PM,62
1,03/22/2023 11:00:00 PM,83
10,03/23/2023 12:00:00 AM,144
10,03/23/2023 01:00:00 AM,91
10,03/23/2023 02:00:00 AM,110
10,03/23/2023 03:00:00 AM,115
10,03/23/2023 04:00:00 AM,148
10,03/23/2023 05:00:00 AM,93
10,03/23/2023 06:00:00 AM,76
10,03/23/2023 07:00:00 AM,71
10,03/23/2023 08:00:00 AM,63
10,03/23/2023 09:00:00 AM,75
10,03/23/2023 10:00:00 AM,69
10,03/23/2023 11:00:00 AM,79
10,03/23/2023 12:00:00 PM,140
10,03/23/2023 01:00:00 PM,52
10,03/23/2023 02:00:00 PM,105
10,03/23/2023 03:00:00 PM,141
10,03/23/2023 04:00:00 PM,132
10,03/23/2023 05:00:00 PM,68
10,03/23/2023 06:00:00 PM,100
10,03/23/2023 07:00:00 PM,90
10,03/23/2023 08:00:00 PM,86
10,03/23/2023 09:00:00 PM,141
10,03/23/2023 10:00:00 PM,113
10,03/23/2023 11:00:00 PM,126
9,03/24/2023 12:00:00 AM,128
9,03/24/2023 01:00:00 AM,145
9,03/24/2023 02:00:00 AM,84
9,03/24/2023 03:00:00 AM,82
9,03/24/2023 04:00:00 AM,66
9,03/24/2023 05:00:00 AM,70
9,03/24/2023 06:00:00 AM,74
9,03/24/2023 07:00:00 AM,68
9,03/24/2023 08:00:00 AM,143
9,03/24/2023 09:00:00 AM,105
9,03/24/2023 10:00:00 AM,149
9,03/24/2023 11:00:00 AM,96
9,03/24/2023 12:00:00 PM,145
9,03/24/2023 01:00:00 PM,77
9,03/24/2023 02:00:00 PM,145
9,03/24/2023 03:00:00 PM,91
9,03/24/2023 04:00:00 PM,80
9,03/24/2023 05:00:00 PM,102
9,03/24/2023 06:00:00 PM,113
9,03/24/2023 07:00:00 PM,61
9,03/24/2023 08:00:00 PM,144
9,03/24/2023 09:00:00 PM,130
9,03/24/2023 10:00:00 PM,61
9,03/24/2023 11:00:00 PM,77
4,03/25/2023 12:00:00 AM,57
4,03/25/2023 01:00:00 AM,141
4,03/25/2023 02:00:00 AM,133
4,03/25/2023 03:00:00 AM,74
4,03/25/2023 04:00:00 AM,61
4,03/25/2023 05:00:00 AM,111
4,03/25/2023 06:00:00 AM,141
4,03/25/2023 07:00:00 AM,79
4,03/25/2023 08:00:00 AM,65
4,03/25/2023 09:00:00 AM,127
4,03/25/2023 10:00:00 AM,127
4,03/25/2023 11:00:00 AM,66
4,03/25/2023 12:00:00 PM,149
4,03/25/2023 01:00:00 PM,77
4,03/25/2023 02:00:00 PM,133
4,03/25/2023 03:00:00 PM,111
4,03/25/2023 04:00:00 PM,104
4,03/25/2023 05:00:00 PM,91
4,03/25/2023 06:00:00 PM,129
4,03/25/2023 07:00:00 PM,66
4,03/25/2023 08:00:00 PM,115
4,03/25/2023 09:00:00 PM,93
4,03/25/2023 10:00:00 PM,70
4,03/25/2023 11:00:00 PM,94
3,03/26/2023 12:00:00 AM,109
3,03/26/2023 01:00:00 AM,74
3,03/26/2023 02:00:00 AM,113
3,03/26/2023 03:00:00 AM,124
3,03/26/2023 04:00:00 AM,85
3,03/26/2023 05:00:00 AM,118
3,03/26/2023 06:00:00 AM,112
3,03/26/2023 07:00:00 AM,74
3,03/26/2023 08:00:00 AM,134
3,03/26/2023 09:00:00 AM,134
3,03/26/2023 10:00:00 AM,55
3,03/26/2023 11:00:00 AM,123
3,03/26/2023 12:00:00 PM,126
3,03/26/2023 01:00:00 PM,87
3,03/26/2023 02:00:00 PM,126
3,03/26/2023 03:00:00 PM,128
3,03/26/2023 04:00:00 PM,140
3,03/26/2023 05:00:00 PM,93
3,03/26/2023 06:00:00 PM,136
3,03/26/2023 07:00:00 PM,143
3,03/26/2023 08:00:00 PM,74
3,03/26/2023 09:00:00 PM,80
3,03/26/2023 10:00:00 PM,101
3,03/26/2023 11:00:00 PM,133
3,03/27/2023 12:00:00 AM,146
3,03/27/2023 01:00:00 AM,144
3,03/27/2023 02:00:00 AM,144
3,03/27/2023 03:00:00 AM,135
3,03/27/2023 04:00:00 AM,81
3,03/27/2023 05:00:00 AM,96
3,03/27/2023 06:00:00 AM,135
3,03/27/2023 07:00:00 AM,129
3,03/27/2023 08:00:00 AM,104
3,03/27/2023 09:00:00 AM,75
3,03/27/2023 10:00:00 AM,133
3,03/27/2023 11:00:00 AM,115
3,03/27/2023 12:00:00 PM,58
3,03/27/2023 01:00:00 PM,104
3,03/27/2023 02:00:00 PM,78
3,03/27/2023 03:00:00 PM,140
3,03/27/2023 04:00:00 PM,52
3,03/27/2023 05:00:00 PM,93
3,03/27/2023 06:00:00 PM,66
3,03/27/2023 07:00:00 PM,86
3,03/27/2023 08:00:00 PM,103
3,03/27/2023 09:00:00 PM,91
3,03/27/2023 10:00:00 PM,98
3,03/27/2023 11:00:00 PM,110
3,03/28/2023 12:00:00 AM,58
3,03/28/2023 01:00:00 AM,104
3,03/28/2023 02:00:00 AM,120
3,03/28/2023 03:00:00 AM,116
3,03/28/2023 04:00:00 AM,61
3,03/28/2023 05:00:00 AM,114
3,03/28/2023 06:00:00 AM,100
3,03/28/2023 07:00:00 AM,135
3,03/28/2023 08:00:00 AM,78
3,03/28/2023 09:00:00 AM,97
3,03/28/2023 10:00:00 AM,72
3,03/28/2023 11:00:00 AM,60
3,03/28/2023 12:00:00 PM,56
3,03/28/2023 01:00:00 PM,80
3,03/28/2023 02:00:00 PM,51
3,03/28/2023 03:00:00 PM,144
3,03/28/2023 04:00:00 PM,111
3,03/28/2023 05:00:00 PM,134
3,03/28/2023 06:00:00 PM,101
3,03/28/2023 07:00:00 PM,121
3,03/28/2023 08:00:00 PM,100
3,03/28/2023 09:00:00 PM,146
3,03/28/2023 10:00:00 PM,108
3,03/28/2023 11:00:00 PM,127
5,03/29/2023 12:00:00 AM,144
5,03/29/2023 01:00:00 AM,57
5,03/29/2023 02:00:00 AM,125
5,03/29/2023 03:00:00 AM,51
5,03/29/2023 04:00:00 AM,80
5,03/29/2023 05:00:00 AM,96
5,03/29/2023 06:00:00 AM,71
5,03/29/2023 07:00:00 AM,137
5,03/29/2023 08:00:00 AM,99
5,03/29/2023 09:00:00 AM,98
5,03/29/2023 10:00:00 AM,121
5,03/29/2023 11:00:00 AM,79
5,03/29/2023 12:00:00 PM,133
5,03/29/2023 01:00:00 PM,93
5,03/29/2023 02:00:00 PM,84
5,03/29/2023 03:00:00 PM,111
5,03/29/2023 04:00:00 PM,129
5,03/29/2023 05:00:00 PM,67
5,03/29/2023 06:00:00 PM,129
5,03/29/2023 07:00:00 PM,144
5,03/29/2023 08:00:00 PM,123
5,03/29/2023 09:00:00 PM,66
5,03/29/2023 10:00:00 PM,116
5,03/29/2023 11:00:00 PM,96
6,03/30/2023 12:00:00 AM,91
6,03/30/2023 01:00:00 AM,52
6,03/30/2023 02:00:00 AM,79
6,03/30/2023 03:00:00 AM,122
6,03/30/2023 04:00:00 AM,124
6,03/30/2023 05:00:00 AM,80
6,03/30/2023 06:00:00 AM,98
6,03/30/2023 07:00:00 AM,113
6,03/30/2023 08:00:00 AM,109
6,03/30/2023 09:00:00 AM,130
6,03/30/2023 10:00:00 AM,123
6,03/30/2023 11:00:00 AM,149
6,03/30/2023 12:00:00 PM,125
6,03/30/2023 01:00:00 PM,143
6,03/30/2023 02:00:00 PM,54
6,03/30/2023 03:00:00 PM,118
6,03/30/2023 04:00:00 PM,112
6,03/30/2023 05:00:00 PM,115
6,03/30/2023 06:00:00 PM,60
6,03/30/2023 07:00:00 PM,115
6,03/30/2023 08:00:00 PM,98
6,03/30/2023 09:00:00 PM,113
6,03/30/2023 10:00:00 PM,78
6,03/30/2023 11:00:00 PM,132
2,03/31/2023 12:00:00 AM,111
2,03/31/2023 01:00:00 AM,143
2,03/31/2023 02:00:00 AM,109
2,03/31/2023 03:00:00 AM,117
2,03/31/2023 04:00:00 AM,97
2,03/31/2023 05:00:00 AM,98
2,03/31/2023 06:00:00 AM,109
2,03/31/2023 07:00:00 AM,80
2,03/31/2023 08:00:00 AM,81
2,03/31/2023 09:00:00 AM,73
2,03/31/2023 10:00:00 AM,70
2,03/31/2023 11:00:00 AM,58
2,03/31/2023 12:00:00 PM,135
2,03/31/2023 01:00:00 PM,135
2,03/31/2023 02:00:00 PM,84
2,03/31/2023 03:00:00 PM,121
2,03/31/2023 04:00:00 PM,66
2,03/31/2023 05:00:00 PM,81
2,03/31/2023 06:00:00 PM,97
2,03/31/2023 07:00:00 PM,120
2,03/31/2023 08:00:00 PM,144
2,03/31/2023 09:00:00 PM,61
2,03/31/2023 10:00:00 PM,96
2,03/31/2023 11:00:00 PM,144
4,04/01/2023 12:00:00 AM,122
4,04/01/2023 01:00:00 AM,115
4,04/01/2023 02:00:00 AM,60
4,04/01/2023 03:00:00 AM,91
4,04/01/2023 04:00:00 AM,93
4,04/01/2023 05:00:00 AM,100
4,04/01/2023 06:00:00 AM,52
4,04/01/2023 07:00:00 AM,147
4,04/01/2023 08:00:00 AM,111
4,04/01/2023 09:00:00 AM,72
4,04/01/2023 10:00:00 AM,138
4,04/01/2023 11:00:00 AM,64
4,04/01/2023 12:00:00 PM,83
4,04/01/2023 01:00:00 PM,84
4,04/01/2023 02:00:00 PM,60
4,04/01/2023 03:00:00 PM,87
4,04/01/2023 04:00:00 PM,73
4,04/01/2023 05:00:00 PM,90
4,04/01/2023 06:00:00 PM,141
4,04/01/2023 07:00:00 PM,144
4,04/01/2023 08:00:00 PM,82
4,04/01/2023 09:00:00 PM,91
4,04/01/2023 10:00:00 PM,108
4,04/01/2023 11:00:00 PM,117
7,04/02/2023 12:00:00 AM,81
7,04/02/2023 01:00:00 AM,144
7,04/02/2023 02:00:00 AM,62
7,04/02/2023 03:00:00 AM,69
7,04/02/2023 04:00:00 AM,121
7,04/02/2023 05:00:00 AM,95
7,04/02/2023 06:00:00 AM,128
7,04/02/2023 07:00:00 AM,92
7,04/02/2023 08:00:00 AM,145
7,04/02/2023 09:00:00 AM,58
7,04/02/2023 10:00:00 AM,101
7,04/02/2023 11:00:00 AM,73
7,04/02/2023 12:00:00 PM,54
7,04/02/2023 01:00:00 PM,148
7,04/02/2023 02:00:00 PM,74
7,04/02/2023 03:00:00 PM,85
7,04/02/2023 04:00:00 PM,104
7,04/02/2023 05:00:00 PM,74
7,04/02/2023 06:00:00 PM,114
7,04/02/2023 07:00:00 PM,66
7,04/02/2023 08:00:00 PM,75
7,04/02/2023 09:00:00 PM,130
7,04/02/2023 10:00:00 PM,116
7,04/02/2023 11:00:00 PM,76
7,04/03/2023 12:00:00 AM,111
7,04/03/2023 01:00:00 AM,58
7,04/03/2023 02:00:00 AM,136
7,04/03/2023 03:00:00 AM,147
7,04/03/2023 04:00:00 AM,123
7,04/03/2023 05:00:00 AM,72
7,04/03/2023 06:00:00 AM,64
7,04/03/2023 07:00:00 AM,135
7,04/03/2023 08:00:00 AM,61
7,04/03/2023 09:00:00 AM,146
7,04/03/2023 10:00:00 AM,117
7,04/03/2023 11:00:00 AM,89
7,04/03/2023 12:00:00 PM,101
7,04/03/2023 01:00:00 PM,60
7,04/03/2023 02:00:00 PM,77
7,04/03/2023 03:00:00 PM,135
7,04/03/2023 04:00:00 PM,96
7,04/03/2023 05:00:00 PM,117
7,04/03/2023 06:00:00 PM,72
7,04/03/2023 07:00:00 PM,138
7,04/03/2023 08:00:00 PM,126
7,04/03/2023 09:00:00 PM,59
7,04/03/2023 10:00:00 PM,120
7,04/03/2023 11:00:00 PM,118
8,04/04/2023 12:00:00 AM,114
8,04/04/2023 01:00:00 AM,128
8,04/04/2023 02:00:00 AM,105
8,04/04/2023 03:00:00 AM,71
8,04/04/2023 04:00:00 AM,102
8,04/04/2023 05:00:00 AM,115
8,04/04/2023 06:00:00 AM,109
8,04/04/2023 07:00:00 AM,129
8,04/04/2023 08:00:00 AM,87
8,04/04/2023 09:00:00 AM,88
8,04/04/2023 10:00:00 AM,72
8,04/04/2023 11:00:00 AM,122
8,04/04/2023 12:00:00 PM,113
8,04/04/2023 01:00:00 PM,80
8,04/04/2023 02:00:00 PM,99
8,04/04/2023 03:00:00 PM,100
8,04/04/2023 04:00:00 PM,71
8,04/04/2023 05:00:00 PM,108
8,04/04/2023 06:00:00 PM,96
8,04/04/2023 07:00:00 PM,58
8,04/04/2023 08:00:00 PM,50
8,04/04/2023 09:00:00 PM,93
8,04/04/2023 10:00:00 PM,122
8,04/04/2023 11:00:00 PM,107
8,04/05/2023 12:00:00 AM,84
8,04/05/2023 01:00:00 AM,138
8,04/05/2023 02:00:00 AM,149
8,04/05/2023 03:00:00 AM,101
8,04/05/2023 04:00:00 AM,56
8,04/05/2023 05:00:00 AM,96
8,04/05/2023 06:00:00 AM,52
8,04/05/2023 07:00:00 AM,115
8,04/05/2023 08:00:00 AM,82
8,04/05/2023 09:00:00 AM,79
8,04/05/2023 10:00:00 AM,135
8,04/05/2023 11:00:00 AM,68
8,04/05/2023 12:00:00 PM,65
8,04/05/2023 01:00:00 PM,95
8,04/05/2023 02:00:00 PM,66
8,04/05/2023 03:00:00 PM,112
8,04/05/2023 04:00:00 PM,74
8,04/05/2023 05:00:00 PM,147
8,04/05/2023 06:00:00 PM,81
8,04/05/2023 07:00:00 PM,53
8,04/05/2023 08:00:00 PM,85
8,04/05/2023 09:00:00 PM,105
8,04/05/2023 10:00:00 PM,58
8,04/05/2023 11:00:00 PM,74
2,04/06/2023 12:00:00 AM,120
2,04/06/2023 01:00:00 AM,73
2,04/06/2023 02:00:00 AM,124
2,04/06/2023 03:00:00 AM,123
2,04/06/2023 04:00:00 AM,90
2,04/06/2023 05:00:00 AM,130
2,04/06/2023 06:00:00 AM,127
2,04/06/2023 07:00:00 AM,88
2,04/06/2023 08:00:00 AM,122
2,04/06/2023 09:00:00 AM,125
2,04/06/2023 10:00:00 AM,137
2,04/06/2023 11:00:00 AM,110
2,04/06/2023 12:00:00 PM,133
2,04/06/2023 01:00:00 PM,108
2,04/06/2023 02:00:00 PM,78
2,04/06/2023 03:00:00 PM,141
2,04/06/2023 04:00:00 PM,58
2,04/06/2023 05:00:00 PM,129
2,04/06/2023 06:00:00 PM,109
2,04/06/2023 07:00:00 PM,142
2,04/06/2023 08:00:00 PM,91
2,04/06/2023 09:00:00 PM,110
2,04/06/2023 10:00:00 PM,68
2,04/06/2023 11:00:00 PM,125
6,04/07/2023 12:00:00 AM,79
6,04/07/2023 01:00:00 AM,92
6,04/07/2023 02:00:00 AM,81
6,04/07/2023 03:00:00 AM,129
6,04/07/2023 04:00:00 AM,146
6,04/07/2023 05:00:00 AM,136
6,04/07/2023 06:00:00 AM,63
6,04/07/2023 07:00:00 AM,89
6,04/07/2023 08:00:00 AM,91
6,04/07/2023 09:00:00 AM,83
6,04/07/2023 10:00:00 AM,63
6,04/07/2023 11:00:00 AM,86
6,04/07/2023 12:00:00 PM,79
6,04/07/2023 01:00:00 PM,110
6,04/07/2023 02:00:00 PM,85
6,04/07/2023 03:00:00 PM,119
6,04/07/2023 04:00:00 PM,54
6,04/07/2023 05:00:00 PM,77
6,04/07/2023 06:00:00 PM,123
6,04/07/2023 07:00:00 PM,85
6,04/07/2023 08:00:00 PM,69
6,04/07/2023 09:00:00 PM,57
6,04/07/2023 10:00:00 PM,132
6,04/07/2023 11:00:00 PM,100
2,04/08/2023 12:00:00 AM,141
2,04/08/2023 01:00:00 AM,71
2,04/08/2023 02:00:00 AM,72
2,04/08/2023 03:00:00 AM,85
2,04/08/2023 04:00:00 AM,142
2,04/08/2023 05:00:00 AM,63
2,04/08/2023 06:00:00 AM,113
2,04/08/2023 07:00:00 AM,128
2,04/08/2023 08:00:00 AM,149
2,04/08/2023 09:00:00 AM,71
2,04/08/2023 10:00:00 AM,105
2,04/08/2023 11:00:00 AM,58
2,04/08/2023 12:00:00 PM,127
2,04/08/2023 01:00:00 PM,79
2,04/08/2023 02:00:00 PM,108
2,04/08/2023 03:00:00 PM,127
2,04/08/2023 04:00:00 PM,113
2,04/08/2023 05:00:00 PM,94
2,04/08/2023 06:00:00 PM,101
2,04/08/2023 07:00:00 PM,139
2,04/08/2023 08:00:00 PM,56
2,04/08/2023 09:00:00 PM,59
2,04/08/2023 10:00:00 PM,62
2,04/08/2023 11:00:00 PM,110
4,04/09/2023 12:00:00 AM,52
4,04/09/2023 01:00:00 AM,59
4,04/09/2023 02:00:00 AM,136
4,04/09/2023 03:00:00 AM,106
4,04/09/2023 04:00:00 AM,149
4,04/09/2023 05:00:00 AM,87
4,04/09/2023 06:00:00 AM,91
4,04/09/2023 07:00:00 AM,66
4,04/09/2023 08:00:00 AM,57
4,04/09/2023 09:00:00 AM,113
4,04/09/2023 10:00:00 AM,53
4,04/09/2023 11:00:00 AM,78
4,04/09/2023 12:00:00 PM,92
4,04/09/2023 01:00:00 PM,101
4,04/09/2023 02:00:00 PM,124
4,04/09/2023 03:00:00 PM,109
4,04/09/2023 04:00:00 PM,51
4,04/09/2023 05:00:00 PM,124
4,04/09/2023 06:00:00 PM,82
4,04/09/2023 07:00:00 PM,99
4,04/09/2023 08:00:00 PM,56
4,04/09/2023 09:00:00 PM,142
4,04/09/2023 10:00:00 PM,94
4,04/09/2023 11:00:00 PM,149
1,04/10/2023 12:00:00 AM,134
1,04/10/2023 01:00:00 AM,131
1,04/10/2023 02:00:00 AM,69
1,04/10/2023 03:00:00 AM,145
1,04/10/2023 04:00:00 AM,122
1,04/10/2023 05:00:00 AM,146
1,04/10/2023 06:00:00 AM,72
1,04/10/2023 07:00:00 AM,102
1,04/10/2023 08:00:00 AM,103
1,04/10/2023 09:00:00 AM,78
1,04/10/2023 10:00:00 AM,63
1,04/10/2023 11:00:00 AM,91
1,04/10/2023 12:00:00 PM,145
1,04/10/2023 01:00:00 PM,130
1,04/10/2023 02:00:00 PM,51
1,04/10/2023 03:00:00 PM,54
1,04/10/2023 04:00:00 PM,94
1,04/10/2023 05:00:00 PM,114
1,04/10/2023 06:00:00 PM,77
1,04/10/2023 07:00:00 PM,73
1,04/10/2023 08:00:00 PM,120
1,04/10/2023 09:00:00 PM,75
1,04/10/2023 10:00:00 PM,72
1,04/10/2023 11:00:00 PM,143
